doc_id,doc_type,doc_date,meeting_date,download_date,year,source,file_name,file_ext,speaker,chair_regime,local_path
min_20000202,minutes,2000-02-02,2000-02-02,2026-04-20,2000,https://www.federalreserve.gov/fomc/minutes/20000202.htm,min_20000202.html,html,NA,Greenspan,data/processed/minutes/min_20000202.txt
stmt_20000202,statements,2000-02-02,2000-02-02,2026-04-20,2000,https://www.federalreserve.gov/boarddocs/press/general/2000/20000202/default.htm,stmt_20000202.html,html,NA,Greenspan,data/processed/statements/stmt_20000202.txt
min_20000321,minutes,2000-03-21,2000-03-21,2026-04-20,2000,https://www.federalreserve.gov/fomc/minutes/20000321.htm,min_20000321.html,html,NA,Greenspan,data/processed/minutes/min_20000321.txt
stmt_20000321,statements,2000-03-21,2000-03-21,2026-04-20,2000,https://www.federalreserve.gov/boarddocs/press/general/2000/20000321/default.htm,stmt_20000321.html,html,NA,Greenspan,data/processed/statements/stmt_20000321.txt
min_20000516,minutes,2000-05-16,2000-05-16,2026-04-20,2000,https://www.federalreserve.gov/fomc/minutes/20000516.htm,min_20000516.html,html,NA,Greenspan,data/processed/minutes/min_20000516.txt
stmt_20000516,statements,2000-05-16,2000-05-16,2026-04-20,2000,https://www.federalreserve.gov/boarddocs/press/general/2000/20000516/default.htm,stmt_20000516.html,html,NA,Greenspan,data/processed/statements/stmt_20000516.txt
min_20000628,minutes,2000-06-28,2000-06-28,2026-04-20,2000,https://www.federalreserve.gov/fomc/minutes/20000628.htm,min_20000628.html,html,NA,Greenspan,data/processed/minutes/min_20000628.txt
stmt_20000628,statements,2000-06-28,2000-06-28,2026-04-20,2000,https://www.federalreserve.gov/boarddocs/press/general/2000/20000628/default.htm,stmt_20000628.html,html,NA,Greenspan,data/processed/statements/stmt_20000628.txt
min_20000822,minutes,2000-08-22,2000-08-22,2026-04-20,2000,https://www.federalreserve.gov/fomc/minutes/20000822.htm,min_20000822.html,html,NA,Greenspan,data/processed/minutes/min_20000822.txt
stmt_20000822,statements,2000-08-22,2000-08-22,2026-04-20,2000,https://www.federalreserve.gov/boarddocs/press/general/2000/20000822/default.htm,stmt_20000822.html,html,NA,Greenspan,data/processed/statements/stmt_20000822.txt
min_20001003,minutes,2000-10-03,2000-10-03,2026-04-20,2000,https://www.federalreserve.gov/fomc/minutes/20001003.htm,min_20001003.html,html,NA,Greenspan,data/processed/minutes/min_20001003.txt
stmt_20001003,statements,2000-10-03,2000-10-03,2026-04-20,2000,https://www.federalreserve.gov/boarddocs/press/general/2000/20001003/default.htm,stmt_20001003.html,html,NA,Greenspan,data/processed/statements/stmt_20001003.txt
min_20001115,minutes,2000-11-15,2000-11-15,2026-04-20,2000,https://www.federalreserve.gov/fomc/minutes/20001115.htm,min_20001115.html,html,NA,Greenspan,data/processed/minutes/min_20001115.txt
stmt_20001115,statements,2000-11-15,2000-11-15,2026-04-20,2000,https://www.federalreserve.gov/boarddocs/press/general/2000/20001115/default.htm,stmt_20001115.html,html,NA,Greenspan,data/processed/statements/stmt_20001115.txt
min_20001219,minutes,2000-12-19,2000-12-19,2026-04-20,2000,https://www.federalreserve.gov/fomc/minutes/20001219.htm,min_20001219.html,html,NA,Greenspan,data/processed/minutes/min_20001219.txt
stmt_20001219,statements,2000-12-19,2000-12-19,2026-04-20,2000,https://www.federalreserve.gov/boarddocs/press/general/2000/20001219/default.htm,stmt_20001219.html,html,NA,Greenspan,data/processed/statements/stmt_20001219.txt
stmt_20010103,statements,2001-01-03,2001-01-03,2026-04-20,2001,https://www.federalreserve.gov/boarddocs/press/general/2001/20010103/default.htm,stmt_20010103.html,html,NA,Greenspan,data/processed/statements/stmt_20010103.txt
min_20010131,minutes,2001-01-31,2001-01-31,2026-04-20,2001,https://www.federalreserve.gov/fomc/minutes/20010131.htm,min_20010131.html,html,NA,Greenspan,data/processed/minutes/min_20010131.txt
stmt_20010131,statements,2001-01-31,2001-01-31,2026-04-20,2001,https://www.federalreserve.gov/boarddocs/press/general/2001/20010131/default.htm,stmt_20010131.html,html,NA,Greenspan,data/processed/statements/stmt_20010131.txt
min_20010320,minutes,2001-03-20,2001-03-20,2026-04-20,2001,https://www.federalreserve.gov/fomc/minutes/20010320.htm,min_20010320.html,html,NA,Greenspan,data/processed/minutes/min_20010320.txt
stmt_20010320,statements,2001-03-20,2001-03-20,2026-04-20,2001,https://www.federalreserve.gov/boarddocs/press/general/2001/20010320/default.htm,stmt_20010320.html,html,NA,Greenspan,data/processed/statements/stmt_20010320.txt
stmt_20010418,statements,2001-04-18,2001-04-18,2026-04-20,2001,https://www.federalreserve.gov/boarddocs/press/general/2001/20010418/default.htm,stmt_20010418.html,html,NA,Greenspan,data/processed/statements/stmt_20010418.txt
min_20010515,minutes,2001-05-15,2001-05-15,2026-04-20,2001,https://www.federalreserve.gov/fomc/minutes/20010515.htm,min_20010515.html,html,NA,Greenspan,data/processed/minutes/min_20010515.txt
stmt_20010515,statements,2001-05-15,2001-05-15,2026-04-20,2001,https://www.federalreserve.gov/boarddocs/press/general/2001/20010515/default.htm,stmt_20010515.html,html,NA,Greenspan,data/processed/statements/stmt_20010515.txt
min_20010627,minutes,2001-06-27,2001-06-27,2026-04-20,2001,https://www.federalreserve.gov/fomc/minutes/20010627.htm,min_20010627.html,html,NA,Greenspan,data/processed/minutes/min_20010627.txt
stmt_20010627,statements,2001-06-27,2001-06-27,2026-04-20,2001,https://www.federalreserve.gov/boarddocs/press/general/2001/20010627/default.htm,stmt_20010627.html,html,NA,Greenspan,data/processed/statements/stmt_20010627.txt
min_20010821,minutes,2001-08-21,2001-08-21,2026-04-20,2001,https://www.federalreserve.gov/fomc/minutes/20010821.htm,min_20010821.html,html,NA,Greenspan,data/processed/minutes/min_20010821.txt
stmt_20010821,statements,2001-08-21,2001-08-21,2026-04-20,2001,https://www.federalreserve.gov/boarddocs/press/general/2001/20010821/default.htm,stmt_20010821.html,html,NA,Greenspan,data/processed/statements/stmt_20010821.txt
stmt_20010917,statements,2001-09-17,2001-09-17,2026-04-20,2001,https://www.federalreserve.gov/boarddocs/press/general/2001/20010917/default.htm,stmt_20010917.html,html,NA,Greenspan,data/processed/statements/stmt_20010917.txt
min_20011002,minutes,2001-10-02,2001-10-02,2026-04-20,2001,https://www.federalreserve.gov/fomc/minutes/20011002.htm,min_20011002.html,html,NA,Greenspan,data/processed/minutes/min_20011002.txt
stmt_20011002,statements,2001-10-02,2001-10-02,2026-04-20,2001,https://www.federalreserve.gov/boarddocs/press/general/2001/20011002/default.htm,stmt_20011002.html,html,NA,Greenspan,data/processed/statements/stmt_20011002.txt
min_20011106,minutes,2001-11-06,2001-11-06,2026-04-20,2001,https://www.federalreserve.gov/fomc/minutes/20011106.htm,min_20011106.html,html,NA,Greenspan,data/processed/minutes/min_20011106.txt
stmt_20011106,statements,2001-11-06,2001-11-06,2026-04-20,2001,https://www.federalreserve.gov/boarddocs/press/general/2001/20011106/default.htm,stmt_20011106.html,html,NA,Greenspan,data/processed/statements/stmt_20011106.txt
min_20011211,minutes,2001-12-11,2001-12-11,2026-04-20,2001,https://www.federalreserve.gov/fomc/minutes/20011211.htm,min_20011211.html,html,NA,Greenspan,data/processed/minutes/min_20011211.txt
stmt_20011211,statements,2001-12-11,2001-12-11,2026-04-20,2001,https://www.federalreserve.gov/boarddocs/press/general/2001/20011211/default.htm,stmt_20011211.html,html,NA,Greenspan,data/processed/statements/stmt_20011211.txt
min_20020130,minutes,2002-01-30,2002-01-30,2026-04-20,2002,https://www.federalreserve.gov/fomc/minutes/20020130.htm,min_20020130.html,html,NA,Greenspan,data/processed/minutes/min_20020130.txt
stmt_20020130,statements,2002-01-30,2002-01-30,2026-04-20,2002,https://www.federalreserve.gov/boarddocs/press/general/2002/20020130/default.htm,stmt_20020130.html,html,NA,Greenspan,data/processed/statements/stmt_20020130.txt
min_20020319,minutes,2002-03-19,2002-03-19,2026-04-20,2002,https://www.federalreserve.gov/fomc/minutes/20020319.htm,min_20020319.html,html,NA,Greenspan,data/processed/minutes/min_20020319.txt
stmt_20020319,statements,2002-03-19,2002-03-19,2026-04-20,2002,https://www.federalreserve.gov/boarddocs/press/general/2002/20020319/default.htm,stmt_20020319.html,html,NA,Greenspan,data/processed/statements/stmt_20020319.txt
min_20020507,minutes,2002-05-07,2002-05-07,2026-04-20,2002,https://www.federalreserve.gov/fomc/minutes/20020507.htm,min_20020507.html,html,NA,Greenspan,data/processed/minutes/min_20020507.txt
min_20020626,minutes,2002-06-26,2002-06-26,2026-04-20,2002,https://www.federalreserve.gov/fomc/minutes/20020626.htm,min_20020626.html,html,NA,Greenspan,data/processed/minutes/min_20020626.txt
min_20020813,minutes,2002-08-13,2002-08-13,2026-04-20,2002,https://www.federalreserve.gov/fomc/minutes/20020813.htm,min_20020813.html,html,NA,Greenspan,data/processed/minutes/min_20020813.txt
min_20020924,minutes,2002-09-24,2002-09-24,2026-04-20,2002,https://www.federalreserve.gov/fomc/minutes/20020924.htm,min_20020924.html,html,NA,Greenspan,data/processed/minutes/min_20020924.txt
min_20021106,minutes,2002-11-06,2002-11-06,2026-04-20,2002,https://www.federalreserve.gov/fomc/minutes/20021106.htm,min_20021106.html,html,NA,Greenspan,data/processed/minutes/min_20021106.txt
min_20021210,minutes,2002-12-10,2002-12-10,2026-04-20,2002,https://www.federalreserve.gov/fomc/minutes/20021210.htm,min_20021210.html,html,NA,Greenspan,data/processed/minutes/min_20021210.txt
min_20030129,minutes,2003-01-29,2003-01-29,2026-04-20,2003,https://www.federalreserve.gov/fomc/minutes/20030129.htm,min_20030129.html,html,NA,Greenspan,data/processed/minutes/min_20030129.txt
min_20030318,minutes,2003-03-18,2003-03-18,2026-04-20,2003,https://www.federalreserve.gov/fomc/minutes/20030318.htm,min_20030318.html,html,NA,Greenspan,data/processed/minutes/min_20030318.txt
min_20030506,minutes,2003-05-06,2003-05-06,2026-04-20,2003,https://www.federalreserve.gov/fomc/minutes/20030506.htm,min_20030506.html,html,NA,Greenspan,data/processed/minutes/min_20030506.txt
min_20030625,minutes,2003-06-25,2003-06-25,2026-04-20,2003,https://www.federalreserve.gov/fomc/minutes/20030625.htm,min_20030625.html,html,NA,Greenspan,data/processed/minutes/min_20030625.txt
min_20030812,minutes,2003-08-12,2003-08-12,2026-04-20,2003,https://www.federalreserve.gov/fomc/minutes/20030812.htm,min_20030812.html,html,NA,Greenspan,data/processed/minutes/min_20030812.txt
min_20030916,minutes,2003-09-16,2003-09-16,2026-04-20,2003,https://www.federalreserve.gov/fomc/minutes/20030916.htm,min_20030916.html,html,NA,Greenspan,data/processed/minutes/min_20030916.txt
min_20031028,minutes,2003-10-28,2003-10-28,2026-04-20,2003,https://www.federalreserve.gov/fomc/minutes/20031028.htm,min_20031028.html,html,NA,Greenspan,data/processed/minutes/min_20031028.txt
min_20031209,minutes,2003-12-09,2003-12-09,2026-04-20,2003,https://www.federalreserve.gov/fomc/minutes/20031209.htm,min_20031209.html,html,NA,Greenspan,data/processed/minutes/min_20031209.txt
min_20040128,minutes,2004-01-28,2004-01-28,2026-04-20,2004,https://www.federalreserve.gov/fomc/minutes/20040128.htm,min_20040128.html,html,NA,Greenspan,data/processed/minutes/min_20040128.txt
min_20040316,minutes,2004-03-16,2004-03-16,2026-04-20,2004,https://www.federalreserve.gov/fomc/minutes/20040316.htm,min_20040316.html,html,NA,Greenspan,data/processed/minutes/min_20040316.txt
min_20040504,minutes,2004-05-04,2004-05-04,2026-04-20,2004,https://www.federalreserve.gov/fomc/minutes/20040504.htm,min_20040504.html,html,NA,Greenspan,data/processed/minutes/min_20040504.txt
min_20040630,minutes,2004-06-30,2004-06-30,2026-04-20,2004,https://www.federalreserve.gov/fomc/minutes/20040630.htm,min_20040630.html,html,NA,Greenspan,data/processed/minutes/min_20040630.txt
min_20040810,minutes,2004-08-10,2004-08-10,2026-04-20,2004,https://www.federalreserve.gov/fomc/minutes/20040810.htm,min_20040810.html,html,NA,Greenspan,data/processed/minutes/min_20040810.txt
min_20040921,minutes,2004-09-21,2004-09-21,2026-04-20,2004,https://www.federalreserve.gov/fomc/minutes/20040921.htm,min_20040921.html,html,NA,Greenspan,data/processed/minutes/min_20040921.txt
min_20041110,minutes,2004-11-10,2004-11-10,2026-04-20,2004,https://www.federalreserve.gov/fomc/minutes/20041110.htm,min_20041110.html,html,NA,Greenspan,data/processed/minutes/min_20041110.txt
min_20041214,minutes,2004-12-14,2004-12-14,2026-04-20,2004,https://www.federalreserve.gov/fomc/minutes/20041214.htm,min_20041214.html,html,NA,Greenspan,data/processed/minutes/min_20041214.txt
min_20050202,minutes,2005-02-02,2005-02-02,2026-04-20,2005,https://www.federalreserve.gov/fomc/minutes/20050202.htm,min_20050202.html,html,NA,Greenspan,data/processed/minutes/min_20050202.txt
min_20050322,minutes,2005-03-22,2005-03-22,2026-04-20,2005,https://www.federalreserve.gov/fomc/minutes/20050322.htm,min_20050322.html,html,NA,Greenspan,data/processed/minutes/min_20050322.txt
min_20050503,minutes,2005-05-03,2005-05-03,2026-04-20,2005,https://www.federalreserve.gov/fomc/minutes/20050503.htm,min_20050503.html,html,NA,Greenspan,data/processed/minutes/min_20050503.txt
min_20050630,minutes,2005-06-30,2005-06-30,2026-04-20,2005,https://www.federalreserve.gov/fomc/minutes/20050630.htm,min_20050630.html,html,NA,Greenspan,data/processed/minutes/min_20050630.txt
min_20050809,minutes,2005-08-09,2005-08-09,2026-04-20,2005,https://www.federalreserve.gov/fomc/minutes/20050809.htm,min_20050809.html,html,NA,Greenspan,data/processed/minutes/min_20050809.txt
min_20050920,minutes,2005-09-20,2005-09-20,2026-04-20,2005,https://www.federalreserve.gov/fomc/minutes/20050920.htm,min_20050920.html,html,NA,Greenspan,data/processed/minutes/min_20050920.txt
min_20051101,minutes,2005-11-01,2005-11-01,2026-04-20,2005,https://www.federalreserve.gov/fomc/minutes/20051101.htm,min_20051101.html,html,NA,Greenspan,data/processed/minutes/min_20051101.txt
min_20051213,minutes,2005-12-13,2005-12-13,2026-04-20,2005,https://www.federalreserve.gov/fomc/minutes/20051213.htm,min_20051213.html,html,NA,Greenspan,data/processed/minutes/min_20051213.txt
min_20060131,minutes,2006-01-31,2006-01-31,2026-04-20,2006,https://www.federalreserve.gov/fomc/minutes/20060131.htm,min_20060131.html,html,NA,Greenspan,data/processed/minutes/min_20060131.txt
stmt_20060131,statements,2006-01-31,2006-01-31,2026-04-20,2006,https://www.federalreserve.gov/newsevents/pressreleases/monetary20060131a.htm,stmt_20060131.html,html,NA,Greenspan,data/processed/statements/stmt_20060131.txt
min_20060328,minutes,2006-03-28,2006-03-28,2026-04-20,2006,https://www.federalreserve.gov/fomc/minutes/20060328.htm,min_20060328.html,html,NA,Bernanke,data/processed/minutes/min_20060328.txt
stmt_20060328,statements,2006-03-28,2006-03-28,2026-04-20,2006,https://www.federalreserve.gov/newsevents/pressreleases/monetary20060328a.htm,stmt_20060328.html,html,NA,Bernanke,data/processed/statements/stmt_20060328.txt
min_20060510,minutes,2006-05-10,2006-05-10,2026-04-20,2006,https://www.federalreserve.gov/fomc/minutes/20060510.htm,min_20060510.html,html,NA,Bernanke,data/processed/minutes/min_20060510.txt
stmt_20060510,statements,2006-05-10,2006-05-10,2026-04-20,2006,https://www.federalreserve.gov/newsevents/pressreleases/monetary20060510a.htm,stmt_20060510.html,html,NA,Bernanke,data/processed/statements/stmt_20060510.txt
min_20060629,minutes,2006-06-29,2006-06-29,2026-04-20,2006,https://www.federalreserve.gov/fomc/minutes/20060629.htm,min_20060629.html,html,NA,Bernanke,data/processed/minutes/min_20060629.txt
stmt_20060629,statements,2006-06-29,2006-06-29,2026-04-20,2006,https://www.federalreserve.gov/newsevents/pressreleases/monetary20060629a.htm,stmt_20060629.html,html,NA,Bernanke,data/processed/statements/stmt_20060629.txt
min_20060808,minutes,2006-08-08,2006-08-08,2026-04-20,2006,https://www.federalreserve.gov/fomc/minutes/20060808.htm,min_20060808.html,html,NA,Bernanke,data/processed/minutes/min_20060808.txt
stmt_20060808,statements,2006-08-08,2006-08-08,2026-04-20,2006,https://www.federalreserve.gov/newsevents/pressreleases/monetary20060808a.htm,stmt_20060808.html,html,NA,Bernanke,data/processed/statements/stmt_20060808.txt
min_20060920,minutes,2006-09-20,2006-09-20,2026-04-20,2006,https://www.federalreserve.gov/fomc/minutes/20060920.htm,min_20060920.html,html,NA,Bernanke,data/processed/minutes/min_20060920.txt
stmt_20060920,statements,2006-09-20,2006-09-20,2026-04-20,2006,https://www.federalreserve.gov/newsevents/pressreleases/monetary20060920a.htm,stmt_20060920.html,html,NA,Bernanke,data/processed/statements/stmt_20060920.txt
min_20061025,minutes,2006-10-25,2006-10-25,2026-04-20,2006,https://www.federalreserve.gov/fomc/minutes/20061025.htm,min_20061025.html,html,NA,Bernanke,data/processed/minutes/min_20061025.txt
stmt_20061025,statements,2006-10-25,2006-10-25,2026-04-20,2006,https://www.federalreserve.gov/newsevents/pressreleases/monetary20061025a.htm,stmt_20061025.html,html,NA,Bernanke,data/processed/statements/stmt_20061025.txt
min_20061212,minutes,2006-12-12,2006-12-12,2026-04-20,2006,https://www.federalreserve.gov/fomc/minutes/20061212.htm,min_20061212.html,html,NA,Bernanke,data/processed/minutes/min_20061212.txt
stmt_20061212,statements,2006-12-12,2006-12-12,2026-04-20,2006,https://www.federalreserve.gov/newsevents/pressreleases/monetary20061212a.htm,stmt_20061212.html,html,NA,Bernanke,data/processed/statements/stmt_20061212.txt
min_20070131,minutes,2007-01-31,2007-01-31,2026-04-20,2007,https://www.federalreserve.gov/fomc/minutes/20070131.htm,min_20070131.html,html,NA,Bernanke,data/processed/minutes/min_20070131.txt
stmt_20070131,statements,2007-01-31,2007-01-31,2026-04-20,2007,https://www.federalreserve.gov/newsevents/pressreleases/monetary20070131a.htm,stmt_20070131.html,html,NA,Bernanke,data/processed/statements/stmt_20070131.txt
min_20070321,minutes,2007-03-21,2007-03-21,2026-04-20,2007,https://www.federalreserve.gov/fomc/minutes/20070321.htm,min_20070321.html,html,NA,Bernanke,data/processed/minutes/min_20070321.txt
stmt_20070321,statements,2007-03-21,2007-03-21,2026-04-20,2007,https://www.federalreserve.gov/newsevents/pressreleases/monetary20070321a.htm,stmt_20070321.html,html,NA,Bernanke,data/processed/statements/stmt_20070321.txt
min_20070509,minutes,2007-05-09,2007-05-09,2026-04-20,2007,https://www.federalreserve.gov/fomc/minutes/20070509.htm,min_20070509.html,html,NA,Bernanke,data/processed/minutes/min_20070509.txt
stmt_20070509,statements,2007-05-09,2007-05-09,2026-04-20,2007,https://www.federalreserve.gov/newsevents/pressreleases/monetary20070509a.htm,stmt_20070509.html,html,NA,Bernanke,data/processed/statements/stmt_20070509.txt
min_20070628,minutes,2007-06-28,2007-06-28,2026-04-20,2007,https://www.federalreserve.gov/fomc/minutes/20070628.htm,min_20070628.html,html,NA,Bernanke,data/processed/minutes/min_20070628.txt
min_20070807,minutes,2007-08-07,2007-08-07,2026-04-20,2007,https://www.federalreserve.gov/fomc/minutes/20070807.htm,min_20070807.html,html,NA,Bernanke,data/processed/minutes/min_20070807.txt
stmt_20070807,statements,2007-08-07,2007-08-07,2026-04-20,2007,https://www.federalreserve.gov/newsevents/pressreleases/monetary20070807a.htm,stmt_20070807.html,html,NA,Bernanke,data/processed/statements/stmt_20070807.txt
min_20070918,minutes,2007-09-18,2007-09-18,2026-04-20,2007,https://www.federalreserve.gov/fomc/minutes/20070918.htm,min_20070918.html,html,NA,Bernanke,data/processed/minutes/min_20070918.txt
stmt_20070918,statements,2007-09-18,2007-09-18,2026-04-20,2007,https://www.federalreserve.gov/newsevents/pressreleases/monetary20070918a.htm,stmt_20070918.html,html,NA,Bernanke,data/processed/statements/stmt_20070918.txt
min_20071031,minutes,2007-10-31,2007-10-31,2026-04-20,2007,https://www.federalreserve.gov/monetarypolicy/files/fomcminutes20071031.pdf,min_20071031.pdf,pdf,NA,Bernanke,data/processed/minutes/min_20071031.txt
stmt_20071031,statements,2007-10-31,2007-10-31,2026-04-20,2007,https://www.federalreserve.gov/newsevents/pressreleases/monetary20071031a.htm,stmt_20071031.html,html,NA,Bernanke,data/processed/statements/stmt_20071031.txt
min_20071211,minutes,2007-12-11,2007-12-11,2026-04-20,2007,https://www.federalreserve.gov/monetarypolicy/files/fomcminutes20071211.pdf,min_20071211.pdf,pdf,NA,Bernanke,data/processed/minutes/min_20071211.txt
stmt_20071211,statements,2007-12-11,2007-12-11,2026-04-20,2007,https://www.federalreserve.gov/newsevents/pressreleases/monetary20071211a.htm,stmt_20071211.html,html,NA,Bernanke,data/processed/statements/stmt_20071211.txt
min_20080130,minutes,2008-01-30,2008-01-30,2026-04-20,2008,https://www.federalreserve.gov/monetarypolicy/files/fomcminutes20080130.pdf,min_20080130.pdf,pdf,NA,Bernanke,data/processed/minutes/min_20080130.txt
stmt_20080130,statements,2008-01-30,2008-01-30,2026-04-20,2008,https://www.federalreserve.gov/newsevents/pressreleases/monetary20080130a.htm,stmt_20080130.html,html,NA,Bernanke,data/processed/statements/stmt_20080130.txt
min_20080318,minutes,2008-03-18,2008-03-18,2026-04-20,2008,https://www.federalreserve.gov/monetarypolicy/files/fomcminutes20080318.pdf,min_20080318.pdf,pdf,NA,Bernanke,data/processed/minutes/min_20080318.txt
stmt_20080318,statements,2008-03-18,2008-03-18,2026-04-20,2008,https://www.federalreserve.gov/newsevents/pressreleases/monetary20080318a.htm,stmt_20080318.html,html,NA,Bernanke,data/processed/statements/stmt_20080318.txt
min_20080430,minutes,2008-04-30,2008-04-30,2026-04-20,2008,https://www.federalreserve.gov/monetarypolicy/files/fomcminutes20080430.pdf,min_20080430.pdf,pdf,NA,Bernanke,data/processed/minutes/min_20080430.txt
stmt_20080430,statements,2008-04-30,2008-04-30,2026-04-20,2008,https://www.federalreserve.gov/newsevents/pressreleases/monetary20080430a.htm,stmt_20080430.html,html,NA,Bernanke,data/processed/statements/stmt_20080430.txt
min_20080625,minutes,2008-06-25,2008-06-25,2026-04-20,2008,https://www.federalreserve.gov/monetarypolicy/files/fomcminutes20080625.pdf,min_20080625.pdf,pdf,NA,Bernanke,data/processed/minutes/min_20080625.txt
stmt_20080625,statements,2008-06-25,2008-06-25,2026-04-20,2008,https://www.federalreserve.gov/newsevents/pressreleases/monetary20080625a.htm,stmt_20080625.html,html,NA,Bernanke,data/processed/statements/stmt_20080625.txt
min_20080805,minutes,2008-08-05,2008-08-05,2026-04-20,2008,https://www.federalreserve.gov/monetarypolicy/files/fomcminutes20080805.pdf,min_20080805.pdf,pdf,NA,Bernanke,data/processed/minutes/min_20080805.txt
stmt_20080805,statements,2008-08-05,2008-08-05,2026-04-20,2008,https://www.federalreserve.gov/newsevents/pressreleases/monetary20080805a.htm,stmt_20080805.html,html,NA,Bernanke,data/processed/statements/stmt_20080805.txt
min_20080916,minutes,2008-09-16,2008-09-16,2026-04-20,2008,https://www.federalreserve.gov/monetarypolicy/files/fomcminutes20080916.pdf,min_20080916.pdf,pdf,NA,Bernanke,data/processed/minutes/min_20080916.txt
stmt_20080916,statements,2008-09-16,2008-09-16,2026-04-20,2008,https://www.federalreserve.gov/newsevents/pressreleases/monetary20080916a.htm,stmt_20080916.html,html,NA,Bernanke,data/processed/statements/stmt_20080916.txt
stmt_20081008,statements,2008-10-08,2008-10-08,2026-04-20,2008,https://www.federalreserve.gov/newsevents/pressreleases/monetary20081008a.htm,stmt_20081008.html,html,NA,Bernanke,data/processed/statements/stmt_20081008.txt
min_20081029,minutes,2008-10-29,2008-10-29,2026-04-20,2008,https://www.federalreserve.gov/monetarypolicy/files/fomcminutes20081029.pdf,min_20081029.pdf,pdf,NA,Bernanke,data/processed/minutes/min_20081029.txt
stmt_20081029,statements,2008-10-29,2008-10-29,2026-04-20,2008,https://www.federalreserve.gov/newsevents/pressreleases/monetary20081029a.htm,stmt_20081029.html,html,NA,Bernanke,data/processed/statements/stmt_20081029.txt
min_20081216,minutes,2008-12-16,2008-12-16,2026-04-20,2008,https://www.federalreserve.gov/monetarypolicy/files/fomcminutes20081216.pdf,min_20081216.pdf,pdf,NA,Bernanke,data/processed/minutes/min_20081216.txt
stmt_20081216,statements,2008-12-16,2008-12-16,2026-04-20,2008,https://www.federalreserve.gov/newsevents/pressreleases/monetary20081216a.htm,stmt_20081216.html,html,NA,Bernanke,data/processed/statements/stmt_20081216.txt
min_20090128,minutes,2009-01-28,2009-01-28,2026-04-20,2009,https://www.federalreserve.gov/monetarypolicy/files/fomcminutes20090128.pdf,min_20090128.pdf,pdf,NA,Bernanke,data/processed/minutes/min_20090128.txt
stmt_20090128,statements,2009-01-28,2009-01-28,2026-04-20,2009,https://www.federalreserve.gov/newsevents/pressreleases/monetary20090128a.htm,stmt_20090128.html,html,NA,Bernanke,data/processed/statements/stmt_20090128.txt
min_20090318,minutes,2009-03-18,2009-03-18,2026-04-20,2009,https://www.federalreserve.gov/monetarypolicy/files/fomcminutes20090318.pdf,min_20090318.pdf,pdf,NA,Bernanke,data/processed/minutes/min_20090318.txt
stmt_20090318,statements,2009-03-18,2009-03-18,2026-04-20,2009,https://www.federalreserve.gov/newsevents/pressreleases/monetary20090318a.htm,stmt_20090318.html,html,NA,Bernanke,data/processed/statements/stmt_20090318.txt
min_20090429,minutes,2009-04-29,2009-04-29,2026-04-20,2009,https://www.federalreserve.gov/monetarypolicy/files/fomcminutes20090429.pdf,min_20090429.pdf,pdf,NA,Bernanke,data/processed/minutes/min_20090429.txt
stmt_20090429,statements,2009-04-29,2009-04-29,2026-04-20,2009,https://www.federalreserve.gov/newsevents/pressreleases/monetary20090429a.htm,stmt_20090429.html,html,NA,Bernanke,data/processed/statements/stmt_20090429.txt
min_20090624,minutes,2009-06-24,2009-06-24,2026-04-20,2009,https://www.federalreserve.gov/monetarypolicy/files/fomcminutes20090624.pdf,min_20090624.pdf,pdf,NA,Bernanke,data/processed/minutes/min_20090624.txt
stmt_20090624,statements,2009-06-24,2009-06-24,2026-04-20,2009,https://www.federalreserve.gov/newsevents/pressreleases/monetary20090624a.htm,stmt_20090624.html,html,NA,Bernanke,data/processed/statements/stmt_20090624.txt
min_20090812,minutes,2009-08-12,2009-08-12,2026-04-20,2009,https://www.federalreserve.gov/monetarypolicy/files/fomcminutes20090812.pdf,min_20090812.pdf,pdf,NA,Bernanke,data/processed/minutes/min_20090812.txt
stmt_20090812,statements,2009-08-12,2009-08-12,2026-04-20,2009,https://www.federalreserve.gov/newsevents/pressreleases/monetary20090812a.htm,stmt_20090812.html,html,NA,Bernanke,data/processed/statements/stmt_20090812.txt
min_20090923,minutes,2009-09-23,2009-09-23,2026-04-20,2009,https://www.federalreserve.gov/monetarypolicy/files/fomcminutes20090923.pdf,min_20090923.pdf,pdf,NA,Bernanke,data/processed/minutes/min_20090923.txt
stmt_20090923,statements,2009-09-23,2009-09-23,2026-04-20,2009,https://www.federalreserve.gov/newsevents/pressreleases/monetary20090923a.htm,stmt_20090923.html,html,NA,Bernanke,data/processed/statements/stmt_20090923.txt
min_20091104,minutes,2009-11-04,2009-11-04,2026-04-20,2009,https://www.federalreserve.gov/monetarypolicy/files/fomcminutes20091104.pdf,min_20091104.pdf,pdf,NA,Bernanke,data/processed/minutes/min_20091104.txt
stmt_20091104,statements,2009-11-04,2009-11-04,2026-04-20,2009,https://www.federalreserve.gov/newsevents/pressreleases/monetary20091104a.htm,stmt_20091104.html,html,NA,Bernanke,data/processed/statements/stmt_20091104.txt
min_20091216,minutes,2009-12-16,2009-12-16,2026-04-20,2009,https://www.federalreserve.gov/monetarypolicy/files/fomcminutes20091216.pdf,min_20091216.pdf,pdf,NA,Bernanke,data/processed/minutes/min_20091216.txt
stmt_20091216,statements,2009-12-16,2009-12-16,2026-04-20,2009,https://www.federalreserve.gov/newsevents/pressreleases/monetary20091216a.htm,stmt_20091216.html,html,NA,Bernanke,data/processed/statements/stmt_20091216.txt
min_20100127,minutes,2010-01-27,2010-01-27,2026-04-20,2010,https://www.federalreserve.gov/monetarypolicy/files/fomcminutes20100127.pdf,min_20100127.pdf,pdf,NA,Bernanke,data/processed/minutes/min_20100127.txt
stmt_20100127,statements,2010-01-27,2010-01-27,2026-04-20,2010,https://www.federalreserve.gov/newsevents/pressreleases/monetary20100127a.htm,stmt_20100127.html,html,NA,Bernanke,data/processed/statements/stmt_20100127.txt
min_20100316,minutes,2010-03-16,2010-03-16,2026-04-20,2010,https://www.federalreserve.gov/monetarypolicy/files/fomcminutes20100316.pdf,min_20100316.pdf,pdf,NA,Bernanke,data/processed/minutes/min_20100316.txt
stmt_20100316,statements,2010-03-16,2010-03-16,2026-04-20,2010,https://www.federalreserve.gov/newsevents/pressreleases/monetary20100316a.htm,stmt_20100316.html,html,NA,Bernanke,data/processed/statements/stmt_20100316.txt
min_20100428,minutes,2010-04-28,2010-04-28,2026-04-20,2010,https://www.federalreserve.gov/monetarypolicy/files/fomcminutes20100428.pdf,min_20100428.pdf,pdf,NA,Bernanke,data/processed/minutes/min_20100428.txt
stmt_20100428,statements,2010-04-28,2010-04-28,2026-04-20,2010,https://www.federalreserve.gov/newsevents/pressreleases/monetary20100428a.htm,stmt_20100428.html,html,NA,Bernanke,data/processed/statements/stmt_20100428.txt
min_20100623,minutes,2010-06-23,2010-06-23,2026-04-20,2010,https://www.federalreserve.gov/monetarypolicy/files/fomcminutes20100623.pdf,min_20100623.pdf,pdf,NA,Bernanke,data/processed/minutes/min_20100623.txt
stmt_20100623,statements,2010-06-23,2010-06-23,2026-04-20,2010,https://www.federalreserve.gov/newsevents/pressreleases/monetary20100623a.htm,stmt_20100623.html,html,NA,Bernanke,data/processed/statements/stmt_20100623.txt
min_20100810,minutes,2010-08-10,2010-08-10,2026-04-20,2010,https://www.federalreserve.gov/monetarypolicy/files/fomcminutes20100810.pdf,min_20100810.pdf,pdf,NA,Bernanke,data/processed/minutes/min_20100810.txt
stmt_20100810,statements,2010-08-10,2010-08-10,2026-04-20,2010,https://www.federalreserve.gov/newsevents/pressreleases/monetary20100810a.htm,stmt_20100810.html,html,NA,Bernanke,data/processed/statements/stmt_20100810.txt
min_20100921,minutes,2010-09-21,2010-09-21,2026-04-20,2010,https://www.federalreserve.gov/monetarypolicy/files/fomcminutes20100921.pdf,min_20100921.pdf,pdf,NA,Bernanke,data/processed/minutes/min_20100921.txt
stmt_20100921,statements,2010-09-21,2010-09-21,2026-04-20,2010,https://www.federalreserve.gov/newsevents/pressreleases/monetary20100921a.htm,stmt_20100921.html,html,NA,Bernanke,data/processed/statements/stmt_20100921.txt
min_20101103,minutes,2010-11-03,2010-11-03,2026-04-20,2010,https://www.federalreserve.gov/monetarypolicy/files/fomcminutes20101103.pdf,min_20101103.pdf,pdf,NA,Bernanke,data/processed/minutes/min_20101103.txt
stmt_20101103,statements,2010-11-03,2010-11-03,2026-04-20,2010,https://www.federalreserve.gov/newsevents/pressreleases/monetary20101103a.htm,stmt_20101103.html,html,NA,Bernanke,data/processed/statements/stmt_20101103.txt
min_20101214,minutes,2010-12-14,2010-12-14,2026-04-20,2010,https://www.federalreserve.gov/monetarypolicy/files/fomcminutes20101214.pdf,min_20101214.pdf,pdf,NA,Bernanke,data/processed/minutes/min_20101214.txt
stmt_20101214,statements,2010-12-14,2010-12-14,2026-04-20,2010,https://www.federalreserve.gov/newsevents/pressreleases/monetary20101214a.htm,stmt_20101214.html,html,NA,Bernanke,data/processed/statements/stmt_20101214.txt
min_20110126,minutes,2011-01-26,2011-01-26,2026-04-20,2011,https://www.federalreserve.gov/monetarypolicy/files/fomcminutes20110126.pdf,min_20110126.pdf,pdf,NA,Bernanke,data/processed/minutes/min_20110126.txt
stmt_20110126,statements,2011-01-26,2011-01-26,2026-04-20,2011,https://www.federalreserve.gov/newsevents/pressreleases/monetary20110126a.htm,stmt_20110126.html,html,NA,Bernanke,data/processed/statements/stmt_20110126.txt
min_20110315,minutes,2011-03-15,2011-03-15,2026-04-20,2011,https://www.federalreserve.gov/monetarypolicy/files/fomcminutes20110315.pdf,min_20110315.pdf,pdf,NA,Bernanke,data/processed/minutes/min_20110315.txt
stmt_20110315,statements,2011-03-15,2011-03-15,2026-04-20,2011,https://www.federalreserve.gov/newsevents/pressreleases/monetary20110315a.htm,stmt_20110315.html,html,NA,Bernanke,data/processed/statements/stmt_20110315.txt
min_20110427,minutes,2011-04-27,2011-04-27,2026-04-20,2011,https://www.federalreserve.gov/monetarypolicy/files/fomcminutes20110427.pdf,min_20110427.pdf,pdf,NA,Bernanke,data/processed/minutes/min_20110427.txt
pc_20110427,press_conf,2011-04-27,2011-04-27,2026-04-20,2011,https://www.federalreserve.gov/monetarypolicy/fomcpresconf20110427.htm,pc_20110427.html,html,Bernanke,Bernanke,data/processed/press_conf/pc_20110427.txt
stmt_20110427,statements,2011-04-27,2011-04-27,2026-04-20,2011,https://www.federalreserve.gov/newsevents/pressreleases/monetary20110427a.htm,stmt_20110427.html,html,NA,Bernanke,data/processed/statements/stmt_20110427.txt
min_20110622,minutes,2011-06-22,2011-06-22,2026-04-20,2011,https://www.federalreserve.gov/monetarypolicy/files/fomcminutes20110622.pdf,min_20110622.pdf,pdf,NA,Bernanke,data/processed/minutes/min_20110622.txt
pc_20110622,press_conf,2011-06-22,2011-06-22,2026-04-20,2011,https://www.federalreserve.gov/monetarypolicy/fomcpresconf20110622.htm,pc_20110622.html,html,Bernanke,Bernanke,data/processed/press_conf/pc_20110622.txt
stmt_20110622,statements,2011-06-22,2011-06-22,2026-04-20,2011,https://www.federalreserve.gov/newsevents/pressreleases/monetary20110622a.htm,stmt_20110622.html,html,NA,Bernanke,data/processed/statements/stmt_20110622.txt
min_20110809,minutes,2011-08-09,2011-08-09,2026-04-20,2011,https://www.federalreserve.gov/monetarypolicy/files/fomcminutes20110809.pdf,min_20110809.pdf,pdf,NA,Bernanke,data/processed/minutes/min_20110809.txt
stmt_20110809,statements,2011-08-09,2011-08-09,2026-04-20,2011,https://www.federalreserve.gov/newsevents/pressreleases/monetary20110809a.htm,stmt_20110809.html,html,NA,Bernanke,data/processed/statements/stmt_20110809.txt
min_20110921,minutes,2011-09-21,2011-09-21,2026-04-20,2011,https://www.federalreserve.gov/monetarypolicy/files/fomcminutes20110921.pdf,min_20110921.pdf,pdf,NA,Bernanke,data/processed/minutes/min_20110921.txt
stmt_20110921,statements,2011-09-21,2011-09-21,2026-04-20,2011,https://www.federalreserve.gov/newsevents/pressreleases/monetary20110921a.htm,stmt_20110921.html,html,NA,Bernanke,data/processed/statements/stmt_20110921.txt
min_20111102,minutes,2011-11-02,2011-11-02,2026-04-20,2011,https://www.federalreserve.gov/monetarypolicy/files/fomcminutes20111102.pdf,min_20111102.pdf,pdf,NA,Bernanke,data/processed/minutes/min_20111102.txt
pc_20111102,press_conf,2011-11-02,2011-11-02,2026-04-20,2011,https://www.federalreserve.gov/monetarypolicy/fomcpresconf20111102.htm,pc_20111102.html,html,Bernanke,Bernanke,data/processed/press_conf/pc_20111102.txt
stmt_20111102,statements,2011-11-02,2011-11-02,2026-04-20,2011,https://www.federalreserve.gov/newsevents/pressreleases/monetary20111102a.htm,stmt_20111102.html,html,NA,Bernanke,data/processed/statements/stmt_20111102.txt
min_20111213,minutes,2011-12-13,2011-12-13,2026-04-20,2011,https://www.federalreserve.gov/monetarypolicy/files/fomcminutes20111213.pdf,min_20111213.pdf,pdf,NA,Bernanke,data/processed/minutes/min_20111213.txt
stmt_20111213,statements,2011-12-13,2011-12-13,2026-04-20,2011,https://www.federalreserve.gov/newsevents/pressreleases/monetary20111213a.htm,stmt_20111213.html,html,NA,Bernanke,data/processed/statements/stmt_20111213.txt
min_20120125,minutes,2012-01-25,2012-01-25,2026-04-20,2012,https://www.federalreserve.gov/monetarypolicy/files/fomcminutes20120125.pdf,min_20120125.pdf,pdf,NA,Bernanke,data/processed/minutes/min_20120125.txt
pc_20120125,press_conf,2012-01-25,2012-01-25,2026-04-20,2012,https://www.federalreserve.gov/monetarypolicy/fomcpresconf20120125.htm,pc_20120125.html,html,Bernanke,Bernanke,data/processed/press_conf/pc_20120125.txt
stmt_20120125,statements,2012-01-25,2012-01-25,2026-04-20,2012,https://www.federalreserve.gov/newsevents/pressreleases/monetary20120125a.htm,stmt_20120125.html,html,NA,Bernanke,data/processed/statements/stmt_20120125.txt
min_20120425,minutes,2012-04-25,2012-04-25,2026-04-20,2012,https://www.federalreserve.gov/monetarypolicy/files/fomcminutes20120425.pdf,min_20120425.pdf,pdf,NA,Bernanke,data/processed/minutes/min_20120425.txt
pc_20120425,press_conf,2012-04-25,2012-04-25,2026-04-20,2012,https://www.federalreserve.gov/monetarypolicy/fomcpresconf20120425.htm,pc_20120425.html,html,Bernanke,Bernanke,data/processed/press_conf/pc_20120425.txt
stmt_20120425,statements,2012-04-25,2012-04-25,2026-04-20,2012,https://www.federalreserve.gov/newsevents/pressreleases/monetary20120425a.htm,stmt_20120425.html,html,NA,Bernanke,data/processed/statements/stmt_20120425.txt
min_20120620,minutes,2012-06-20,2012-06-20,2026-04-20,2012,https://www.federalreserve.gov/monetarypolicy/files/fomcminutes20120620.pdf,min_20120620.pdf,pdf,NA,Bernanke,data/processed/minutes/min_20120620.txt
pc_20120620,press_conf,2012-06-20,2012-06-20,2026-04-20,2012,https://www.federalreserve.gov/monetarypolicy/fomcpresconf20120620.htm,pc_20120620.html,html,Bernanke,Bernanke,data/processed/press_conf/pc_20120620.txt
stmt_20120620,statements,2012-06-20,2012-06-20,2026-04-20,2012,https://www.federalreserve.gov/newsevents/pressreleases/monetary20120620a.htm,stmt_20120620.html,html,NA,Bernanke,data/processed/statements/stmt_20120620.txt
min_20120913,minutes,2012-09-13,2012-09-13,2026-04-20,2012,https://www.federalreserve.gov/monetarypolicy/files/fomcminutes20120913.pdf,min_20120913.pdf,pdf,NA,Bernanke,data/processed/minutes/min_20120913.txt
pc_20120913,press_conf,2012-09-13,2012-09-13,2026-04-20,2012,https://www.federalreserve.gov/monetarypolicy/fomcpresconf20120913.htm,pc_20120913.html,html,Bernanke,Bernanke,data/processed/press_conf/pc_20120913.txt
stmt_20120913,statements,2012-09-13,2012-09-13,2026-04-20,2012,https://www.federalreserve.gov/newsevents/pressreleases/monetary20120913a.htm,stmt_20120913.html,html,NA,Bernanke,data/processed/statements/stmt_20120913.txt
min_20121212,minutes,2012-12-12,2012-12-12,2026-04-20,2012,https://www.federalreserve.gov/monetarypolicy/files/fomcminutes20121212.pdf,min_20121212.pdf,pdf,NA,Bernanke,data/processed/minutes/min_20121212.txt
pc_20121212,press_conf,2012-12-12,2012-12-12,2026-04-20,2012,https://www.federalreserve.gov/monetarypolicy/fomcpresconf20121212.htm,pc_20121212.html,html,Bernanke,Bernanke,data/processed/press_conf/pc_20121212.txt
stmt_20121212,statements,2012-12-12,2012-12-12,2026-04-20,2012,https://www.federalreserve.gov/newsevents/pressreleases/monetary20121212a.htm,stmt_20121212.html,html,NA,Bernanke,data/processed/statements/stmt_20121212.txt
min_20130320,minutes,2013-03-20,2013-03-20,2026-04-20,2013,https://www.federalreserve.gov/monetarypolicy/files/fomcminutes20130320.pdf,min_20130320.pdf,pdf,NA,Bernanke,data/processed/minutes/min_20130320.txt
pc_20130320,press_conf,2013-03-20,2013-03-20,2026-04-20,2013,https://www.federalreserve.gov/monetarypolicy/fomcpresconf20130320.htm,pc_20130320.html,html,Bernanke,Bernanke,data/processed/press_conf/pc_20130320.txt
stmt_20130320,statements,2013-03-20,2013-03-20,2026-04-20,2013,https://www.federalreserve.gov/newsevents/pressreleases/monetary20130320a.htm,stmt_20130320.html,html,NA,Bernanke,data/processed/statements/stmt_20130320.txt
min_20130619,minutes,2013-06-19,2013-06-19,2026-04-20,2013,https://www.federalreserve.gov/monetarypolicy/files/fomcminutes20130619.pdf,min_20130619.pdf,pdf,NA,Bernanke,data/processed/minutes/min_20130619.txt
pc_20130619,press_conf,2013-06-19,2013-06-19,2026-04-20,2013,https://www.federalreserve.gov/monetarypolicy/fomcpresconf20130619.htm,pc_20130619.html,html,Bernanke,Bernanke,data/processed/press_conf/pc_20130619.txt
stmt_20130619,statements,2013-06-19,2013-06-19,2026-04-20,2013,https://www.federalreserve.gov/newsevents/pressreleases/monetary20130619a.htm,stmt_20130619.html,html,NA,Bernanke,data/processed/statements/stmt_20130619.txt
min_20130918,minutes,2013-09-18,2013-09-18,2026-04-20,2013,https://www.federalreserve.gov/monetarypolicy/files/fomcminutes20130918.pdf,min_20130918.pdf,pdf,NA,Bernanke,data/processed/minutes/min_20130918.txt
pc_20130918,press_conf,2013-09-18,2013-09-18,2026-04-20,2013,https://www.federalreserve.gov/monetarypolicy/fomcpresconf20130918.htm,pc_20130918.html,html,Bernanke,Bernanke,data/processed/press_conf/pc_20130918.txt
stmt_20130918,statements,2013-09-18,2013-09-18,2026-04-20,2013,https://www.federalreserve.gov/newsevents/pressreleases/monetary20130918a.htm,stmt_20130918.html,html,NA,Bernanke,data/processed/statements/stmt_20130918.txt
min_20131218,minutes,2013-12-18,2013-12-18,2026-04-20,2013,https://www.federalreserve.gov/monetarypolicy/files/fomcminutes20131218.pdf,min_20131218.pdf,pdf,NA,Bernanke,data/processed/minutes/min_20131218.txt
pc_20131218,press_conf,2013-12-18,2013-12-18,2026-04-20,2013,https://www.federalreserve.gov/monetarypolicy/fomcpresconf20131218.htm,pc_20131218.html,html,Bernanke,Bernanke,data/processed/press_conf/pc_20131218.txt
stmt_20131218,statements,2013-12-18,2013-12-18,2026-04-20,2013,https://www.federalreserve.gov/newsevents/pressreleases/monetary20131218a.htm,stmt_20131218.html,html,NA,Bernanke,data/processed/statements/stmt_20131218.txt
min_20140319,minutes,2014-03-19,2014-03-19,2026-04-20,2014,https://www.federalreserve.gov/monetarypolicy/files/fomcminutes20140319.pdf,min_20140319.pdf,pdf,NA,Yellen,data/processed/minutes/min_20140319.txt
pc_20140319,press_conf,2014-03-19,2014-03-19,2026-04-20,2014,https://www.federalreserve.gov/monetarypolicy/fomcpresconf20140319.htm,pc_20140319.html,html,Yellen,Yellen,data/processed/press_conf/pc_20140319.txt
stmt_20140319,statements,2014-03-19,2014-03-19,2026-04-20,2014,https://www.federalreserve.gov/newsevents/pressreleases/monetary20140319a.htm,stmt_20140319.html,html,NA,Yellen,data/processed/statements/stmt_20140319.txt
min_20140618,minutes,2014-06-18,2014-06-18,2026-04-20,2014,https://www.federalreserve.gov/monetarypolicy/files/fomcminutes20140618.pdf,min_20140618.pdf,pdf,NA,Yellen,data/processed/minutes/min_20140618.txt
pc_20140618,press_conf,2014-06-18,2014-06-18,2026-04-20,2014,https://www.federalreserve.gov/monetarypolicy/fomcpresconf20140618.htm,pc_20140618.html,html,Yellen,Yellen,data/processed/press_conf/pc_20140618.txt
stmt_20140618,statements,2014-06-18,2014-06-18,2026-04-20,2014,https://www.federalreserve.gov/newsevents/pressreleases/monetary20140618a.htm,stmt_20140618.html,html,NA,Yellen,data/processed/statements/stmt_20140618.txt
min_20140917,minutes,2014-09-17,2014-09-17,2026-04-20,2014,https://www.federalreserve.gov/monetarypolicy/files/fomcminutes20140917.pdf,min_20140917.pdf,pdf,NA,Yellen,data/processed/minutes/min_20140917.txt
pc_20140917,press_conf,2014-09-17,2014-09-17,2026-04-20,2014,https://www.federalreserve.gov/monetarypolicy/fomcpresconf20140917.htm,pc_20140917.html,html,Yellen,Yellen,data/processed/press_conf/pc_20140917.txt
stmt_20140917,statements,2014-09-17,2014-09-17,2026-04-20,2014,https://www.federalreserve.gov/newsevents/pressreleases/monetary20140917a.htm,stmt_20140917.html,html,NA,Yellen,data/processed/statements/stmt_20140917.txt
min_20141217,minutes,2014-12-17,2014-12-17,2026-04-20,2014,https://www.federalreserve.gov/monetarypolicy/files/fomcminutes20141217.pdf,min_20141217.pdf,pdf,NA,Yellen,data/processed/minutes/min_20141217.txt
pc_20141217,press_conf,2014-12-17,2014-12-17,2026-04-20,2014,https://www.federalreserve.gov/monetarypolicy/fomcpresconf20141217.htm,pc_20141217.html,html,Yellen,Yellen,data/processed/press_conf/pc_20141217.txt
stmt_20141217,statements,2014-12-17,2014-12-17,2026-04-20,2014,https://www.federalreserve.gov/newsevents/pressreleases/monetary20141217a.htm,stmt_20141217.html,html,NA,Yellen,data/processed/statements/stmt_20141217.txt
min_20150318,minutes,2015-03-18,2015-03-18,2026-04-20,2015,https://www.federalreserve.gov/monetarypolicy/files/fomcminutes20150318.pdf,min_20150318.pdf,pdf,NA,Yellen,data/processed/minutes/min_20150318.txt
pc_20150318,press_conf,2015-03-18,2015-03-18,2026-04-20,2015,https://www.federalreserve.gov/monetarypolicy/fomcpresconf20150318.htm,pc_20150318.html,html,Yellen,Yellen,data/processed/press_conf/pc_20150318.txt
stmt_20150318,statements,2015-03-18,2015-03-18,2026-04-20,2015,https://www.federalreserve.gov/newsevents/pressreleases/monetary20150318a.htm,stmt_20150318.html,html,NA,Yellen,data/processed/statements/stmt_20150318.txt
min_20150617,minutes,2015-06-17,2015-06-17,2026-04-20,2015,https://www.federalreserve.gov/monetarypolicy/files/fomcminutes20150617.pdf,min_20150617.pdf,pdf,NA,Yellen,data/processed/minutes/min_20150617.txt
pc_20150617,press_conf,2015-06-17,2015-06-17,2026-04-20,2015,https://www.federalreserve.gov/monetarypolicy/fomcpresconf20150617.htm,pc_20150617.html,html,Yellen,Yellen,data/processed/press_conf/pc_20150617.txt
stmt_20150617,statements,2015-06-17,2015-06-17,2026-04-20,2015,https://www.federalreserve.gov/newsevents/pressreleases/monetary20150617a.htm,stmt_20150617.html,html,NA,Yellen,data/processed/statements/stmt_20150617.txt
min_20150917,minutes,2015-09-17,2015-09-17,2026-04-20,2015,https://www.federalreserve.gov/monetarypolicy/files/fomcminutes20150917.pdf,min_20150917.pdf,pdf,NA,Yellen,data/processed/minutes/min_20150917.txt
pc_20150917,press_conf,2015-09-17,2015-09-17,2026-04-20,2015,https://www.federalreserve.gov/monetarypolicy/fomcpresconf20150917.htm,pc_20150917.html,html,Yellen,Yellen,data/processed/press_conf/pc_20150917.txt
stmt_20150917,statements,2015-09-17,2015-09-17,2026-04-20,2015,https://www.federalreserve.gov/newsevents/pressreleases/monetary20150917a.htm,stmt_20150917.html,html,NA,Yellen,data/processed/statements/stmt_20150917.txt
min_20151216,minutes,2015-12-16,2015-12-16,2026-04-20,2015,https://www.federalreserve.gov/monetarypolicy/files/fomcminutes20151216.pdf,min_20151216.pdf,pdf,NA,Yellen,data/processed/minutes/min_20151216.txt
pc_20151216,press_conf,2015-12-16,2015-12-16,2026-04-20,2015,https://www.federalreserve.gov/monetarypolicy/fomcpresconf20151216.htm,pc_20151216.html,html,Yellen,Yellen,data/processed/press_conf/pc_20151216.txt
stmt_20151216,statements,2015-12-16,2015-12-16,2026-04-20,2015,https://www.federalreserve.gov/newsevents/pressreleases/monetary20151216a.htm,stmt_20151216.html,html,NA,Yellen,data/processed/statements/stmt_20151216.txt
min_20160316,minutes,2016-03-16,2016-03-16,2026-04-20,2016,https://www.federalreserve.gov/monetarypolicy/files/fomcminutes20160316.pdf,min_20160316.pdf,pdf,NA,Yellen,data/processed/minutes/min_20160316.txt
pc_20160316,press_conf,2016-03-16,2016-03-16,2026-04-20,2016,https://www.federalreserve.gov/monetarypolicy/fomcpresconf20160316.htm,pc_20160316.html,html,Yellen,Yellen,data/processed/press_conf/pc_20160316.txt
stmt_20160316,statements,2016-03-16,2016-03-16,2026-04-20,2016,https://www.federalreserve.gov/newsevents/pressreleases/monetary20160316a.htm,stmt_20160316.html,html,NA,Yellen,data/processed/statements/stmt_20160316.txt
min_20160615,minutes,2016-06-15,2016-06-15,2026-04-20,2016,https://www.federalreserve.gov/monetarypolicy/files/fomcminutes20160615.pdf,min_20160615.pdf,pdf,NA,Yellen,data/processed/minutes/min_20160615.txt
pc_20160615,press_conf,2016-06-15,2016-06-15,2026-04-20,2016,https://www.federalreserve.gov/monetarypolicy/fomcpresconf20160615.htm,pc_20160615.html,html,Yellen,Yellen,data/processed/press_conf/pc_20160615.txt
stmt_20160615,statements,2016-06-15,2016-06-15,2026-04-20,2016,https://www.federalreserve.gov/newsevents/pressreleases/monetary20160615a.htm,stmt_20160615.html,html,NA,Yellen,data/processed/statements/stmt_20160615.txt
min_20160921,minutes,2016-09-21,2016-09-21,2026-04-20,2016,https://www.federalreserve.gov/monetarypolicy/files/fomcminutes20160921.pdf,min_20160921.pdf,pdf,NA,Yellen,data/processed/minutes/min_20160921.txt
pc_20160921,press_conf,2016-09-21,2016-09-21,2026-04-20,2016,https://www.federalreserve.gov/monetarypolicy/fomcpresconf20160921.htm,pc_20160921.html,html,Yellen,Yellen,data/processed/press_conf/pc_20160921.txt
stmt_20160921,statements,2016-09-21,2016-09-21,2026-04-20,2016,https://www.federalreserve.gov/newsevents/pressreleases/monetary20160921a.htm,stmt_20160921.html,html,NA,Yellen,data/processed/statements/stmt_20160921.txt
min_20161214,minutes,2016-12-14,2016-12-14,2026-04-20,2016,https://www.federalreserve.gov/monetarypolicy/files/fomcminutes20161214.pdf,min_20161214.pdf,pdf,NA,Yellen,data/processed/minutes/min_20161214.txt
pc_20161214,press_conf,2016-12-14,2016-12-14,2026-04-20,2016,https://www.federalreserve.gov/monetarypolicy/fomcpresconf20161214.htm,pc_20161214.html,html,Yellen,Yellen,data/processed/press_conf/pc_20161214.txt
stmt_20161214,statements,2016-12-14,2016-12-14,2026-04-20,2016,https://www.federalreserve.gov/newsevents/pressreleases/monetary20161214a.htm,stmt_20161214.html,html,NA,Yellen,data/processed/statements/stmt_20161214.txt
min_20170315,minutes,2017-03-15,2017-03-15,2026-04-20,2017,https://www.federalreserve.gov/monetarypolicy/files/fomcminutes20170315.pdf,min_20170315.pdf,pdf,NA,Yellen,data/processed/minutes/min_20170315.txt
pc_20170315,press_conf,2017-03-15,2017-03-15,2026-04-20,2017,https://www.federalreserve.gov/monetarypolicy/fomcpresconf20170315.htm,pc_20170315.html,html,Yellen,Yellen,data/processed/press_conf/pc_20170315.txt
stmt_20170315,statements,2017-03-15,2017-03-15,2026-04-20,2017,https://www.federalreserve.gov/newsevents/pressreleases/monetary20170315a.htm,stmt_20170315.html,html,NA,Yellen,data/processed/statements/stmt_20170315.txt
min_20170614,minutes,2017-06-14,2017-06-14,2026-04-20,2017,https://www.federalreserve.gov/monetarypolicy/files/fomcminutes20170614.pdf,min_20170614.pdf,pdf,NA,Yellen,data/processed/minutes/min_20170614.txt
pc_20170614,press_conf,2017-06-14,2017-06-14,2026-04-20,2017,https://www.federalreserve.gov/monetarypolicy/fomcpresconf20170614.htm,pc_20170614.html,html,Yellen,Yellen,data/processed/press_conf/pc_20170614.txt
stmt_20170614,statements,2017-06-14,2017-06-14,2026-04-20,2017,https://www.federalreserve.gov/newsevents/pressreleases/monetary20170614a.htm,stmt_20170614.html,html,NA,Yellen,data/processed/statements/stmt_20170614.txt
min_20170920,minutes,2017-09-20,2017-09-20,2026-04-20,2017,https://www.federalreserve.gov/monetarypolicy/files/fomcminutes20170920.pdf,min_20170920.pdf,pdf,NA,Yellen,data/processed/minutes/min_20170920.txt
pc_20170920,press_conf,2017-09-20,2017-09-20,2026-04-20,2017,https://www.federalreserve.gov/monetarypolicy/fomcpresconf20170920.htm,pc_20170920.html,html,Yellen,Yellen,data/processed/press_conf/pc_20170920.txt
stmt_20170920,statements,2017-09-20,2017-09-20,2026-04-20,2017,https://www.federalreserve.gov/newsevents/pressreleases/monetary20170920a.htm,stmt_20170920.html,html,NA,Yellen,data/processed/statements/stmt_20170920.txt
min_20171213,minutes,2017-12-13,2017-12-13,2026-04-20,2017,https://www.federalreserve.gov/monetarypolicy/files/fomcminutes20171213.pdf,min_20171213.pdf,pdf,NA,Yellen,data/processed/minutes/min_20171213.txt
pc_20171213,press_conf,2017-12-13,2017-12-13,2026-04-20,2017,https://www.federalreserve.gov/monetarypolicy/fomcpresconf20171213.htm,pc_20171213.html,html,Yellen,Yellen,data/processed/press_conf/pc_20171213.txt
stmt_20171213,statements,2017-12-13,2017-12-13,2026-04-20,2017,https://www.federalreserve.gov/newsevents/pressreleases/monetary20171213a.htm,stmt_20171213.html,html,NA,Yellen,data/processed/statements/stmt_20171213.txt
min_20180321,minutes,2018-03-21,2018-03-21,2026-04-20,2018,https://www.federalreserve.gov/monetarypolicy/files/fomcminutes20180321.pdf,min_20180321.pdf,pdf,NA,Powell,data/processed/minutes/min_20180321.txt
pc_20180321,press_conf,2018-03-21,2018-03-21,2026-04-20,2018,https://www.federalreserve.gov/monetarypolicy/fomcpresconf20180321.htm,pc_20180321.html,html,Powell,Powell,data/processed/press_conf/pc_20180321.txt
stmt_20180321,statements,2018-03-21,2018-03-21,2026-04-20,2018,https://www.federalreserve.gov/newsevents/pressreleases/monetary20180321a.htm,stmt_20180321.html,html,NA,Powell,data/processed/statements/stmt_20180321.txt
min_20180613,minutes,2018-06-13,2018-06-13,2026-04-20,2018,https://www.federalreserve.gov/monetarypolicy/files/fomcminutes20180613.pdf,min_20180613.pdf,pdf,NA,Powell,data/processed/minutes/min_20180613.txt
pc_20180613,press_conf,2018-06-13,2018-06-13,2026-04-20,2018,https://www.federalreserve.gov/monetarypolicy/fomcpresconf20180613.htm,pc_20180613.html,html,Powell,Powell,data/processed/press_conf/pc_20180613.txt
stmt_20180613,statements,2018-06-13,2018-06-13,2026-04-20,2018,https://www.federalreserve.gov/newsevents/pressreleases/monetary20180613a.htm,stmt_20180613.html,html,NA,Powell,data/processed/statements/stmt_20180613.txt
min_20180926,minutes,2018-09-26,2018-09-26,2026-04-20,2018,https://www.federalreserve.gov/monetarypolicy/files/fomcminutes20180926.pdf,min_20180926.pdf,pdf,NA,Powell,data/processed/minutes/min_20180926.txt
pc_20180926,press_conf,2018-09-26,2018-09-26,2026-04-20,2018,https://www.federalreserve.gov/monetarypolicy/fomcpresconf20180926.htm,pc_20180926.html,html,Powell,Powell,data/processed/press_conf/pc_20180926.txt
stmt_20180926,statements,2018-09-26,2018-09-26,2026-04-20,2018,https://www.federalreserve.gov/newsevents/pressreleases/monetary20180926a.htm,stmt_20180926.html,html,NA,Powell,data/processed/statements/stmt_20180926.txt
min_20181219,minutes,2018-12-19,2018-12-19,2026-04-20,2018,https://www.federalreserve.gov/monetarypolicy/files/fomcminutes20181219.pdf,min_20181219.pdf,pdf,NA,Powell,data/processed/minutes/min_20181219.txt
pc_20181219,press_conf,2018-12-19,2018-12-19,2026-04-20,2018,https://www.federalreserve.gov/monetarypolicy/fomcpresconf20181219.htm,pc_20181219.html,html,Powell,Powell,data/processed/press_conf/pc_20181219.txt
stmt_20181219,statements,2018-12-19,2018-12-19,2026-04-20,2018,https://www.federalreserve.gov/newsevents/pressreleases/monetary20181219a.htm,stmt_20181219.html,html,NA,Powell,data/processed/statements/stmt_20181219.txt
min_20190130,minutes,2019-01-30,2019-01-30,2026-04-20,2019,https://www.federalreserve.gov/monetarypolicy/files/fomcminutes20190130.pdf,min_20190130.pdf,pdf,NA,Powell,data/processed/minutes/min_20190130.txt
pc_20190130,press_conf,2019-01-30,2019-01-30,2026-04-20,2019,https://www.federalreserve.gov/monetarypolicy/fomcpresconf20190130.htm,pc_20190130.html,html,Powell,Powell,data/processed/press_conf/pc_20190130.txt
stmt_20190130,statements,2019-01-30,2019-01-30,2026-04-20,2019,https://www.federalreserve.gov/newsevents/pressreleases/monetary20190130a.htm,stmt_20190130.html,html,NA,Powell,data/processed/statements/stmt_20190130.txt
min_20190320,minutes,2019-03-20,2019-03-20,2026-04-20,2019,https://www.federalreserve.gov/monetarypolicy/files/fomcminutes20190320.pdf,min_20190320.pdf,pdf,NA,Powell,data/processed/minutes/min_20190320.txt
pc_20190320,press_conf,2019-03-20,2019-03-20,2026-04-20,2019,https://www.federalreserve.gov/monetarypolicy/fomcpresconf20190320.htm,pc_20190320.html,html,Powell,Powell,data/processed/press_conf/pc_20190320.txt
stmt_20190320,statements,2019-03-20,2019-03-20,2026-04-20,2019,https://www.federalreserve.gov/newsevents/pressreleases/monetary20190320a.htm,stmt_20190320.html,html,NA,Powell,data/processed/statements/stmt_20190320.txt
min_20190501,minutes,2019-05-01,2019-05-01,2026-04-20,2019,https://www.federalreserve.gov/monetarypolicy/files/fomcminutes20190501.pdf,min_20190501.pdf,pdf,NA,Powell,data/processed/minutes/min_20190501.txt
pc_20190501,press_conf,2019-05-01,2019-05-01,2026-04-20,2019,https://www.federalreserve.gov/monetarypolicy/fomcpresconf20190501.htm,pc_20190501.html,html,Powell,Powell,data/processed/press_conf/pc_20190501.txt
stmt_20190501,statements,2019-05-01,2019-05-01,2026-04-20,2019,https://www.federalreserve.gov/newsevents/pressreleases/monetary20190501a.htm,stmt_20190501.html,html,NA,Powell,data/processed/statements/stmt_20190501.txt
min_20190619,minutes,2019-06-19,2019-06-19,2026-04-20,2019,https://www.federalreserve.gov/monetarypolicy/files/fomcminutes20190619.pdf,min_20190619.pdf,pdf,NA,Powell,data/processed/minutes/min_20190619.txt
pc_20190619,press_conf,2019-06-19,2019-06-19,2026-04-20,2019,https://www.federalreserve.gov/monetarypolicy/fomcpresconf20190619.htm,pc_20190619.html,html,Powell,Powell,data/processed/press_conf/pc_20190619.txt
stmt_20190619,statements,2019-06-19,2019-06-19,2026-04-20,2019,https://www.federalreserve.gov/newsevents/pressreleases/monetary20190619a.htm,stmt_20190619.html,html,NA,Powell,data/processed/statements/stmt_20190619.txt
min_20190731,minutes,2019-07-31,2019-07-31,2026-04-20,2019,https://www.federalreserve.gov/monetarypolicy/files/fomcminutes20190731.pdf,min_20190731.pdf,pdf,NA,Powell,data/processed/minutes/min_20190731.txt
pc_20190731,press_conf,2019-07-31,2019-07-31,2026-04-20,2019,https://www.federalreserve.gov/monetarypolicy/fomcpresconf20190731.htm,pc_20190731.html,html,Powell,Powell,data/processed/press_conf/pc_20190731.txt
stmt_20190731,statements,2019-07-31,2019-07-31,2026-04-20,2019,https://www.federalreserve.gov/newsevents/pressreleases/monetary20190731a.htm,stmt_20190731.html,html,NA,Powell,data/processed/statements/stmt_20190731.txt
min_20190918,minutes,2019-09-18,2019-09-18,2026-04-20,2019,https://www.federalreserve.gov/monetarypolicy/files/fomcminutes20190918.pdf,min_20190918.pdf,pdf,NA,Powell,data/processed/minutes/min_20190918.txt
pc_20190918,press_conf,2019-09-18,2019-09-18,2026-04-20,2019,https://www.federalreserve.gov/monetarypolicy/fomcpresconf20190918.htm,pc_20190918.html,html,Powell,Powell,data/processed/press_conf/pc_20190918.txt
stmt_20190918,statements,2019-09-18,2019-09-18,2026-04-20,2019,https://www.federalreserve.gov/newsevents/pressreleases/monetary20190918a.htm,stmt_20190918.html,html,NA,Powell,data/processed/statements/stmt_20190918.txt
min_20191030,minutes,2019-10-30,2019-10-30,2026-04-20,2019,https://www.federalreserve.gov/monetarypolicy/files/fomcminutes20191030.pdf,min_20191030.pdf,pdf,NA,Powell,data/processed/minutes/min_20191030.txt
pc_20191030,press_conf,2019-10-30,2019-10-30,2026-04-20,2019,https://www.federalreserve.gov/monetarypolicy/fomcpresconf20191030.htm,pc_20191030.html,html,Powell,Powell,data/processed/press_conf/pc_20191030.txt
stmt_20191030,statements,2019-10-30,2019-10-30,2026-04-20,2019,https://www.federalreserve.gov/newsevents/pressreleases/monetary20191030a.htm,stmt_20191030.html,html,NA,Powell,data/processed/statements/stmt_20191030.txt
min_20191211,minutes,2019-12-11,2019-12-11,2026-04-20,2019,https://www.federalreserve.gov/monetarypolicy/files/fomcminutes20191211.pdf,min_20191211.pdf,pdf,NA,Powell,data/processed/minutes/min_20191211.txt
pc_20191211,press_conf,2019-12-11,2019-12-11,2026-04-20,2019,https://www.federalreserve.gov/monetarypolicy/fomcpresconf20191211.htm,pc_20191211.html,html,Powell,Powell,data/processed/press_conf/pc_20191211.txt
stmt_20191211,statements,2019-12-11,2019-12-11,2026-04-20,2019,https://www.federalreserve.gov/newsevents/pressreleases/monetary20191211a.htm,stmt_20191211.html,html,NA,Powell,data/processed/statements/stmt_20191211.txt
min_20200129,minutes,2020-01-29,2020-01-29,2026-04-20,2020,https://www.federalreserve.gov/monetarypolicy/files/fomcminutes20200129.pdf,min_20200129.pdf,pdf,NA,Powell,data/processed/minutes/min_20200129.txt
pc_20200129,press_conf,2020-01-29,2020-01-29,2026-04-20,2020,https://www.federalreserve.gov/monetarypolicy/fomcpresconf20200129.htm,pc_20200129.html,html,Powell,Powell,data/processed/press_conf/pc_20200129.txt
stmt_20200129,statements,2020-01-29,2020-01-29,2026-04-20,2020,https://www.federalreserve.gov/newsevents/pressreleases/monetary20200129a.htm,stmt_20200129.html,html,NA,Powell,data/processed/statements/stmt_20200129.txt
pc_20200303,press_conf,2020-03-03,2020-03-03,2026-04-20,2020,https://www.federalreserve.gov/monetarypolicy/fomcpresconf20200303.htm,pc_20200303.html,html,Powell,Powell,data/processed/press_conf/pc_20200303.txt
stmt_20200303,statements,2020-03-03,2020-03-03,2026-04-20,2020,https://www.federalreserve.gov/newsevents/pressreleases/monetary20200303a.htm,stmt_20200303.html,html,NA,Powell,data/processed/statements/stmt_20200303.txt
min_20200315,minutes,2020-03-15,2020-03-15,2026-04-20,2020,https://www.federalreserve.gov/monetarypolicy/files/fomcminutes20200315.pdf,min_20200315.pdf,pdf,NA,Powell,data/processed/minutes/min_20200315.txt
pc_20200315,press_conf,2020-03-15,2020-03-15,2026-04-20,2020,https://www.federalreserve.gov/monetarypolicy/fomcpresconf20200315.htm,pc_20200315.html,html,Powell,Powell,data/processed/press_conf/pc_20200315.txt
stmt_20200315,statements,2020-03-15,2020-03-15,2026-04-20,2020,https://www.federalreserve.gov/newsevents/pressreleases/monetary20200315a.htm,stmt_20200315.html,html,NA,Powell,data/processed/statements/stmt_20200315.txt
min_20200429,minutes,2020-04-29,2020-04-29,2026-04-20,2020,https://www.federalreserve.gov/monetarypolicy/files/fomcminutes20200429.pdf,min_20200429.pdf,pdf,NA,Powell,data/processed/minutes/min_20200429.txt
pc_20200429,press_conf,2020-04-29,2020-04-29,2026-04-20,2020,https://www.federalreserve.gov/monetarypolicy/fomcpresconf20200429.htm,pc_20200429.html,html,Powell,Powell,data/processed/press_conf/pc_20200429.txt
stmt_20200429,statements,2020-04-29,2020-04-29,2026-04-20,2020,https://www.federalreserve.gov/newsevents/pressreleases/monetary20200429a.htm,stmt_20200429.html,html,NA,Powell,data/processed/statements/stmt_20200429.txt
min_20200610,minutes,2020-06-10,2020-06-10,2026-04-20,2020,https://www.federalreserve.gov/monetarypolicy/files/fomcminutes20200610.pdf,min_20200610.pdf,pdf,NA,Powell,data/processed/minutes/min_20200610.txt
pc_20200610,press_conf,2020-06-10,2020-06-10,2026-04-20,2020,https://www.federalreserve.gov/monetarypolicy/fomcpresconf20200610.htm,pc_20200610.html,html,Powell,Powell,data/processed/press_conf/pc_20200610.txt
stmt_20200610,statements,2020-06-10,2020-06-10,2026-04-20,2020,https://www.federalreserve.gov/newsevents/pressreleases/monetary20200610a.htm,stmt_20200610.html,html,NA,Powell,data/processed/statements/stmt_20200610.txt
min_20200729,minutes,2020-07-29,2020-07-29,2026-04-20,2020,https://www.federalreserve.gov/monetarypolicy/files/fomcminutes20200729.pdf,min_20200729.pdf,pdf,NA,Powell,data/processed/minutes/min_20200729.txt
pc_20200729,press_conf,2020-07-29,2020-07-29,2026-04-20,2020,https://www.federalreserve.gov/monetarypolicy/fomcpresconf20200729.htm,pc_20200729.html,html,Powell,Powell,data/processed/press_conf/pc_20200729.txt
stmt_20200729,statements,2020-07-29,2020-07-29,2026-04-20,2020,https://www.federalreserve.gov/newsevents/pressreleases/monetary20200729a.htm,stmt_20200729.html,html,NA,Powell,data/processed/statements/stmt_20200729.txt
min_20200916,minutes,2020-09-16,2020-09-16,2026-04-20,2020,https://www.federalreserve.gov/monetarypolicy/files/fomcminutes20200916.pdf,min_20200916.pdf,pdf,NA,Powell,data/processed/minutes/min_20200916.txt
pc_20200916,press_conf,2020-09-16,2020-09-16,2026-04-20,2020,https://www.federalreserve.gov/monetarypolicy/fomcpresconf20200916.htm,pc_20200916.html,html,Powell,Powell,data/processed/press_conf/pc_20200916.txt
stmt_20200916,statements,2020-09-16,2020-09-16,2026-04-20,2020,https://www.federalreserve.gov/newsevents/pressreleases/monetary20200916a.htm,stmt_20200916.html,html,NA,Powell,data/processed/statements/stmt_20200916.txt
min_20201105,minutes,2020-11-05,2020-11-05,2026-04-20,2020,https://www.federalreserve.gov/monetarypolicy/files/fomcminutes20201105.pdf,min_20201105.pdf,pdf,NA,Powell,data/processed/minutes/min_20201105.txt
pc_20201105,press_conf,2020-11-05,2020-11-05,2026-04-20,2020,https://www.federalreserve.gov/monetarypolicy/fomcpresconf20201105.htm,pc_20201105.html,html,Powell,Powell,data/processed/press_conf/pc_20201105.txt
stmt_20201105,statements,2020-11-05,2020-11-05,2026-04-20,2020,https://www.federalreserve.gov/newsevents/pressreleases/monetary20201105a.htm,stmt_20201105.html,html,NA,Powell,data/processed/statements/stmt_20201105.txt
min_20201216,minutes,2020-12-16,2020-12-16,2026-04-20,2020,https://www.federalreserve.gov/monetarypolicy/files/fomcminutes20201216.pdf,min_20201216.pdf,pdf,NA,Powell,data/processed/minutes/min_20201216.txt
pc_20201216,press_conf,2020-12-16,2020-12-16,2026-04-20,2020,https://www.federalreserve.gov/monetarypolicy/fomcpresconf20201216.htm,pc_20201216.html,html,Powell,Powell,data/processed/press_conf/pc_20201216.txt
stmt_20201216,statements,2020-12-16,2020-12-16,2026-04-20,2020,https://www.federalreserve.gov/newsevents/pressreleases/monetary20201216a.htm,stmt_20201216.html,html,NA,Powell,data/processed/statements/stmt_20201216.txt
min_20210127,minutes,2021-01-27,2021-01-27,2026-04-20,2021,https://www.federalreserve.gov/monetarypolicy/files/fomcminutes20210127.pdf,min_20210127.pdf,pdf,NA,Powell,data/processed/minutes/min_20210127.txt
pc_20210127,press_conf,2021-01-27,2021-01-27,2026-04-20,2021,https://www.federalreserve.gov/monetarypolicy/fomcpresconf20210127.htm,pc_20210127.html,html,Powell,Powell,data/processed/press_conf/pc_20210127.txt
stmt_20210127,statements,2021-01-27,2021-01-27,2026-04-20,2021,https://www.federalreserve.gov/newsevents/pressreleases/monetary20210127a.htm,stmt_20210127.html,html,NA,Powell,data/processed/statements/stmt_20210127.txt
min_20210317,minutes,2021-03-17,2021-03-17,2026-04-20,2021,https://www.federalreserve.gov/monetarypolicy/files/fomcminutes20210317.pdf,min_20210317.pdf,pdf,NA,Powell,data/processed/minutes/min_20210317.txt
pc_20210317,press_conf,2021-03-17,2021-03-17,2026-04-20,2021,https://www.federalreserve.gov/monetarypolicy/fomcpresconf20210317.htm,pc_20210317.html,html,Powell,Powell,data/processed/press_conf/pc_20210317.txt
stmt_20210317,statements,2021-03-17,2021-03-17,2026-04-20,2021,https://www.federalreserve.gov/newsevents/pressreleases/monetary20210317a.htm,stmt_20210317.html,html,NA,Powell,data/processed/statements/stmt_20210317.txt
min_20210428,minutes,2021-04-28,2021-04-28,2026-04-20,2021,https://www.federalreserve.gov/monetarypolicy/files/fomcminutes20210428.pdf,min_20210428.pdf,pdf,NA,Powell,data/processed/minutes/min_20210428.txt
pc_20210428,press_conf,2021-04-28,2021-04-28,2026-04-20,2021,https://www.federalreserve.gov/monetarypolicy/fomcpresconf20210428.htm,pc_20210428.html,html,Powell,Powell,data/processed/press_conf/pc_20210428.txt
stmt_20210428,statements,2021-04-28,2021-04-28,2026-04-20,2021,https://www.federalreserve.gov/newsevents/pressreleases/monetary20210428a.htm,stmt_20210428.html,html,NA,Powell,data/processed/statements/stmt_20210428.txt
min_20210616,minutes,2021-06-16,2021-06-16,2026-04-20,2021,https://www.federalreserve.gov/monetarypolicy/files/fomcminutes20210616.pdf,min_20210616.pdf,pdf,NA,Powell,data/processed/minutes/min_20210616.txt
pc_20210616,press_conf,2021-06-16,2021-06-16,2026-04-20,2021,https://www.federalreserve.gov/monetarypolicy/fomcpresconf20210616.htm,pc_20210616.html,html,Powell,Powell,data/processed/press_conf/pc_20210616.txt
stmt_20210616,statements,2021-06-16,2021-06-16,2026-04-20,2021,https://www.federalreserve.gov/newsevents/pressreleases/monetary20210616a.htm,stmt_20210616.html,html,NA,Powell,data/processed/statements/stmt_20210616.txt
min_20210728,minutes,2021-07-28,2021-07-28,2026-04-20,2021,https://www.federalreserve.gov/monetarypolicy/files/fomcminutes20210728.pdf,min_20210728.pdf,pdf,NA,Powell,data/processed/minutes/min_20210728.txt
pc_20210728,press_conf,2021-07-28,2021-07-28,2026-04-20,2021,https://www.federalreserve.gov/monetarypolicy/fomcpresconf20210728.htm,pc_20210728.html,html,Powell,Powell,data/processed/press_conf/pc_20210728.txt
stmt_20210728,statements,2021-07-28,2021-07-28,2026-04-20,2021,https://www.federalreserve.gov/newsevents/pressreleases/monetary20210728a.htm,stmt_20210728.html,html,NA,Powell,data/processed/statements/stmt_20210728.txt
min_20210922,minutes,2021-09-22,2021-09-22,2026-04-20,2021,https://www.federalreserve.gov/monetarypolicy/files/fomcminutes20210922.pdf,min_20210922.pdf,pdf,NA,Powell,data/processed/minutes/min_20210922.txt
pc_20210922,press_conf,2021-09-22,2021-09-22,2026-04-20,2021,https://www.federalreserve.gov/monetarypolicy/fomcpresconf20210922.htm,pc_20210922.html,html,Powell,Powell,data/processed/press_conf/pc_20210922.txt
stmt_20210922,statements,2021-09-22,2021-09-22,2026-04-20,2021,https://www.federalreserve.gov/newsevents/pressreleases/monetary20210922a.htm,stmt_20210922.html,html,NA,Powell,data/processed/statements/stmt_20210922.txt
min_20211103,minutes,2021-11-03,2021-11-03,2026-04-20,2021,https://www.federalreserve.gov/monetarypolicy/files/fomcminutes20211103.pdf,min_20211103.pdf,pdf,NA,Powell,data/processed/minutes/min_20211103.txt
pc_20211103,press_conf,2021-11-03,2021-11-03,2026-04-20,2021,https://www.federalreserve.gov/monetarypolicy/fomcpresconf20211103.htm,pc_20211103.html,html,Powell,Powell,data/processed/press_conf/pc_20211103.txt
stmt_20211103,statements,2021-11-03,2021-11-03,2026-04-20,2021,https://www.federalreserve.gov/newsevents/pressreleases/monetary20211103a.htm,stmt_20211103.html,html,NA,Powell,data/processed/statements/stmt_20211103.txt
min_20211215,minutes,2021-12-15,2021-12-15,2026-04-20,2021,https://www.federalreserve.gov/monetarypolicy/files/fomcminutes20211215.pdf,min_20211215.pdf,pdf,NA,Powell,data/processed/minutes/min_20211215.txt
pc_20211215,press_conf,2021-12-15,2021-12-15,2026-04-20,2021,https://www.federalreserve.gov/monetarypolicy/fomcpresconf20211215.htm,pc_20211215.html,html,Powell,Powell,data/processed/press_conf/pc_20211215.txt
stmt_20211215,statements,2021-12-15,2021-12-15,2026-04-20,2021,https://www.federalreserve.gov/newsevents/pressreleases/monetary20211215a.htm,stmt_20211215.html,html,NA,Powell,data/processed/statements/stmt_20211215.txt
min_20220126,minutes,2022-01-26,2022-01-26,2026-04-20,2022,https://www.federalreserve.gov/monetarypolicy/files/fomcminutes20220126.pdf,min_20220126.pdf,pdf,NA,Powell,data/processed/minutes/min_20220126.txt
pc_20220126,press_conf,2022-01-26,2022-01-26,2026-04-20,2022,https://www.federalreserve.gov/monetarypolicy/fomcpresconf20220126.htm,pc_20220126.html,html,Powell,Powell,data/processed/press_conf/pc_20220126.txt
stmt_20220126,statements,2022-01-26,2022-01-26,2026-04-20,2022,https://www.federalreserve.gov/newsevents/pressreleases/monetary20220126a.htm,stmt_20220126.html,html,NA,Powell,data/processed/statements/stmt_20220126.txt
min_20220316,minutes,2022-03-16,2022-03-16,2026-04-20,2022,https://www.federalreserve.gov/monetarypolicy/files/fomcminutes20220316.pdf,min_20220316.pdf,pdf,NA,Powell,data/processed/minutes/min_20220316.txt
pc_20220316,press_conf,2022-03-16,2022-03-16,2026-04-20,2022,https://www.federalreserve.gov/monetarypolicy/fomcpresconf20220316.htm,pc_20220316.html,html,Powell,Powell,data/processed/press_conf/pc_20220316.txt
stmt_20220316,statements,2022-03-16,2022-03-16,2026-04-20,2022,https://www.federalreserve.gov/newsevents/pressreleases/monetary20220316a.htm,stmt_20220316.html,html,NA,Powell,data/processed/statements/stmt_20220316.txt
min_20220504,minutes,2022-05-04,2022-05-04,2026-04-20,2022,https://www.federalreserve.gov/monetarypolicy/files/fomcminutes20220504.pdf,min_20220504.pdf,pdf,NA,Powell,data/processed/minutes/min_20220504.txt
pc_20220504,press_conf,2022-05-04,2022-05-04,2026-04-20,2022,https://www.federalreserve.gov/monetarypolicy/fomcpresconf20220504.htm,pc_20220504.html,html,Powell,Powell,data/processed/press_conf/pc_20220504.txt
stmt_20220504,statements,2022-05-04,2022-05-04,2026-04-20,2022,https://www.federalreserve.gov/newsevents/pressreleases/monetary20220504a.htm,stmt_20220504.html,html,NA,Powell,data/processed/statements/stmt_20220504.txt
min_20220615,minutes,2022-06-15,2022-06-15,2026-04-20,2022,https://www.federalreserve.gov/monetarypolicy/files/fomcminutes20220615.pdf,min_20220615.pdf,pdf,NA,Powell,data/processed/minutes/min_20220615.txt
pc_20220615,press_conf,2022-06-15,2022-06-15,2026-04-20,2022,https://www.federalreserve.gov/monetarypolicy/fomcpresconf20220615.htm,pc_20220615.html,html,Powell,Powell,data/processed/press_conf/pc_20220615.txt
stmt_20220615,statements,2022-06-15,2022-06-15,2026-04-20,2022,https://www.federalreserve.gov/newsevents/pressreleases/monetary20220615a.htm,stmt_20220615.html,html,NA,Powell,data/processed/statements/stmt_20220615.txt
min_20220727,minutes,2022-07-27,2022-07-27,2026-04-20,2022,https://www.federalreserve.gov/monetarypolicy/files/fomcminutes20220727.pdf,min_20220727.pdf,pdf,NA,Powell,data/processed/minutes/min_20220727.txt
pc_20220727,press_conf,2022-07-27,2022-07-27,2026-04-20,2022,https://www.federalreserve.gov/monetarypolicy/fomcpresconf20220727.htm,pc_20220727.html,html,Powell,Powell,data/processed/press_conf/pc_20220727.txt
stmt_20220727,statements,2022-07-27,2022-07-27,2026-04-20,2022,https://www.federalreserve.gov/newsevents/pressreleases/monetary20220727a.htm,stmt_20220727.html,html,NA,Powell,data/processed/statements/stmt_20220727.txt
min_20220921,minutes,2022-09-21,2022-09-21,2026-04-20,2022,https://www.federalreserve.gov/monetarypolicy/files/fomcminutes20220921.pdf,min_20220921.pdf,pdf,NA,Powell,data/processed/minutes/min_20220921.txt
pc_20220921,press_conf,2022-09-21,2022-09-21,2026-04-20,2022,https://www.federalreserve.gov/monetarypolicy/fomcpresconf20220921.htm,pc_20220921.html,html,Powell,Powell,data/processed/press_conf/pc_20220921.txt
stmt_20220921,statements,2022-09-21,2022-09-21,2026-04-20,2022,https://www.federalreserve.gov/newsevents/pressreleases/monetary20220921a.htm,stmt_20220921.html,html,NA,Powell,data/processed/statements/stmt_20220921.txt
min_20221102,minutes,2022-11-02,2022-11-02,2026-04-20,2022,https://www.federalreserve.gov/monetarypolicy/files/fomcminutes20221102.pdf,min_20221102.pdf,pdf,NA,Powell,data/processed/minutes/min_20221102.txt
pc_20221102,press_conf,2022-11-02,2022-11-02,2026-04-20,2022,https://www.federalreserve.gov/monetarypolicy/fomcpresconf20221102.htm,pc_20221102.html,html,Powell,Powell,data/processed/press_conf/pc_20221102.txt
stmt_20221102,statements,2022-11-02,2022-11-02,2026-04-20,2022,https://www.federalreserve.gov/newsevents/pressreleases/monetary20221102a.htm,stmt_20221102.html,html,NA,Powell,data/processed/statements/stmt_20221102.txt
min_20221214,minutes,2022-12-14,2022-12-14,2026-04-20,2022,https://www.federalreserve.gov/monetarypolicy/files/fomcminutes20221214.pdf,min_20221214.pdf,pdf,NA,Powell,data/processed/minutes/min_20221214.txt
pc_20221214,press_conf,2022-12-14,2022-12-14,2026-04-20,2022,https://www.federalreserve.gov/monetarypolicy/fomcpresconf20221214.htm,pc_20221214.html,html,Powell,Powell,data/processed/press_conf/pc_20221214.txt
stmt_20221214,statements,2022-12-14,2022-12-14,2026-04-20,2022,https://www.federalreserve.gov/newsevents/pressreleases/monetary20221214a.htm,stmt_20221214.html,html,NA,Powell,data/processed/statements/stmt_20221214.txt
min_20230201,minutes,2023-02-01,2023-02-01,2026-04-20,2023,https://www.federalreserve.gov/monetarypolicy/files/fomcminutes20230201.pdf,min_20230201.pdf,pdf,NA,Powell,data/processed/minutes/min_20230201.txt
pc_20230201,press_conf,2023-02-01,2023-02-01,2026-04-20,2023,https://www.federalreserve.gov/monetarypolicy/fomcpresconf20230201.htm,pc_20230201.html,html,Powell,Powell,data/processed/press_conf/pc_20230201.txt
stmt_20230201,statements,2023-02-01,2023-02-01,2026-04-20,2023,https://www.federalreserve.gov/newsevents/pressreleases/monetary20230201a.htm,stmt_20230201.html,html,NA,Powell,data/processed/statements/stmt_20230201.txt
min_20230322,minutes,2023-03-22,2023-03-22,2026-04-20,2023,https://www.federalreserve.gov/monetarypolicy/files/fomcminutes20230322.pdf,min_20230322.pdf,pdf,NA,Powell,data/processed/minutes/min_20230322.txt
pc_20230322,press_conf,2023-03-22,2023-03-22,2026-04-20,2023,https://www.federalreserve.gov/monetarypolicy/fomcpresconf20230322.htm,pc_20230322.html,html,Powell,Powell,data/processed/press_conf/pc_20230322.txt
stmt_20230322,statements,2023-03-22,2023-03-22,2026-04-20,2023,https://www.federalreserve.gov/newsevents/pressreleases/monetary20230322a.htm,stmt_20230322.html,html,NA,Powell,data/processed/statements/stmt_20230322.txt
min_20230503,minutes,2023-05-03,2023-05-03,2026-04-20,2023,https://www.federalreserve.gov/monetarypolicy/files/fomcminutes20230503.pdf,min_20230503.pdf,pdf,NA,Powell,data/processed/minutes/min_20230503.txt
pc_20230503,press_conf,2023-05-03,2023-05-03,2026-04-20,2023,https://www.federalreserve.gov/monetarypolicy/fomcpresconf20230503.htm,pc_20230503.html,html,Powell,Powell,data/processed/press_conf/pc_20230503.txt
stmt_20230503,statements,2023-05-03,2023-05-03,2026-04-20,2023,https://www.federalreserve.gov/newsevents/pressreleases/monetary20230503a.htm,stmt_20230503.html,html,NA,Powell,data/processed/statements/stmt_20230503.txt
min_20230614,minutes,2023-06-14,2023-06-14,2026-04-20,2023,https://www.federalreserve.gov/monetarypolicy/files/fomcminutes20230614.pdf,min_20230614.pdf,pdf,NA,Powell,data/processed/minutes/min_20230614.txt
pc_20230614,press_conf,2023-06-14,2023-06-14,2026-04-20,2023,https://www.federalreserve.gov/monetarypolicy/fomcpresconf20230614.htm,pc_20230614.html,html,Powell,Powell,data/processed/press_conf/pc_20230614.txt
stmt_20230614,statements,2023-06-14,2023-06-14,2026-04-20,2023,https://www.federalreserve.gov/newsevents/pressreleases/monetary20230614a.htm,stmt_20230614.html,html,NA,Powell,data/processed/statements/stmt_20230614.txt
min_20230726,minutes,2023-07-26,2023-07-26,2026-04-20,2023,https://www.federalreserve.gov/monetarypolicy/files/fomcminutes20230726.pdf,min_20230726.pdf,pdf,NA,Powell,data/processed/minutes/min_20230726.txt
pc_20230726,press_conf,2023-07-26,2023-07-26,2026-04-20,2023,https://www.federalreserve.gov/monetarypolicy/fomcpresconf20230726.htm,pc_20230726.html,html,Powell,Powell,data/processed/press_conf/pc_20230726.txt
stmt_20230726,statements,2023-07-26,2023-07-26,2026-04-20,2023,https://www.federalreserve.gov/newsevents/pressreleases/monetary20230726a.htm,stmt_20230726.html,html,NA,Powell,data/processed/statements/stmt_20230726.txt
min_20230920,minutes,2023-09-20,2023-09-20,2026-04-20,2023,https://www.federalreserve.gov/monetarypolicy/files/fomcminutes20230920.pdf,min_20230920.pdf,pdf,NA,Powell,data/processed/minutes/min_20230920.txt
pc_20230920,press_conf,2023-09-20,2023-09-20,2026-04-20,2023,https://www.federalreserve.gov/monetarypolicy/fomcpresconf20230920.htm,pc_20230920.html,html,Powell,Powell,data/processed/press_conf/pc_20230920.txt
stmt_20230920,statements,2023-09-20,2023-09-20,2026-04-20,2023,https://www.federalreserve.gov/newsevents/pressreleases/monetary20230920a.htm,stmt_20230920.html,html,NA,Powell,data/processed/statements/stmt_20230920.txt
min_20231101,minutes,2023-11-01,2023-11-01,2026-04-20,2023,https://www.federalreserve.gov/monetarypolicy/files/fomcminutes20231101.pdf,min_20231101.pdf,pdf,NA,Powell,data/processed/minutes/min_20231101.txt
pc_20231101,press_conf,2023-11-01,2023-11-01,2026-04-20,2023,https://www.federalreserve.gov/monetarypolicy/fomcpresconf20231101.htm,pc_20231101.html,html,Powell,Powell,data/processed/press_conf/pc_20231101.txt
stmt_20231101,statements,2023-11-01,2023-11-01,2026-04-20,2023,https://www.federalreserve.gov/newsevents/pressreleases/monetary20231101a.htm,stmt_20231101.html,html,NA,Powell,data/processed/statements/stmt_20231101.txt
min_20231213,minutes,2023-12-13,2023-12-13,2026-04-20,2023,https://www.federalreserve.gov/monetarypolicy/files/fomcminutes20231213.pdf,min_20231213.pdf,pdf,NA,Powell,data/processed/minutes/min_20231213.txt
pc_20231213,press_conf,2023-12-13,2023-12-13,2026-04-20,2023,https://www.federalreserve.gov/monetarypolicy/fomcpresconf20231213.htm,pc_20231213.html,html,Powell,Powell,data/processed/press_conf/pc_20231213.txt
stmt_20231213,statements,2023-12-13,2023-12-13,2026-04-20,2023,https://www.federalreserve.gov/newsevents/pressreleases/monetary20231213a.htm,stmt_20231213.html,html,NA,Powell,data/processed/statements/stmt_20231213.txt
min_20240131,minutes,2024-01-31,2024-01-31,2026-04-20,2024,https://www.federalreserve.gov/monetarypolicy/files/fomcminutes20240131.pdf,min_20240131.pdf,pdf,NA,Powell,data/processed/minutes/min_20240131.txt
pc_20240131,press_conf,2024-01-31,2024-01-31,2026-04-20,2024,https://www.federalreserve.gov/monetarypolicy/fomcpresconf20240131.htm,pc_20240131.html,html,Powell,Powell,data/processed/press_conf/pc_20240131.txt
stmt_20240131,statements,2024-01-31,2024-01-31,2026-04-20,2024,https://www.federalreserve.gov/newsevents/pressreleases/monetary20240131a.htm,stmt_20240131.html,html,NA,Powell,data/processed/statements/stmt_20240131.txt
min_20240320,minutes,2024-03-20,2024-03-20,2026-04-20,2024,https://www.federalreserve.gov/monetarypolicy/files/fomcminutes20240320.pdf,min_20240320.pdf,pdf,NA,Powell,data/processed/minutes/min_20240320.txt
pc_20240320,press_conf,2024-03-20,2024-03-20,2026-04-20,2024,https://www.federalreserve.gov/monetarypolicy/fomcpresconf20240320.htm,pc_20240320.html,html,Powell,Powell,data/processed/press_conf/pc_20240320.txt
stmt_20240320,statements,2024-03-20,2024-03-20,2026-04-20,2024,https://www.federalreserve.gov/newsevents/pressreleases/monetary20240320a.htm,stmt_20240320.html,html,NA,Powell,data/processed/statements/stmt_20240320.txt
min_20240501,minutes,2024-05-01,2024-05-01,2026-04-20,2024,https://www.federalreserve.gov/monetarypolicy/files/fomcminutes20240501.pdf,min_20240501.pdf,pdf,NA,Powell,data/processed/minutes/min_20240501.txt
pc_20240501,press_conf,2024-05-01,2024-05-01,2026-04-20,2024,https://www.federalreserve.gov/monetarypolicy/fomcpresconf20240501.htm,pc_20240501.html,html,Powell,Powell,data/processed/press_conf/pc_20240501.txt
stmt_20240501,statements,2024-05-01,2024-05-01,2026-04-20,2024,https://www.federalreserve.gov/newsevents/pressreleases/monetary20240501a.htm,stmt_20240501.html,html,NA,Powell,data/processed/statements/stmt_20240501.txt
min_20240612,minutes,2024-06-12,2024-06-12,2026-04-20,2024,https://www.federalreserve.gov/monetarypolicy/files/fomcminutes20240612.pdf,min_20240612.pdf,pdf,NA,Powell,data/processed/minutes/min_20240612.txt
pc_20240612,press_conf,2024-06-12,2024-06-12,2026-04-20,2024,https://www.federalreserve.gov/monetarypolicy/fomcpresconf20240612.htm,pc_20240612.html,html,Powell,Powell,data/processed/press_conf/pc_20240612.txt
stmt_20240612,statements,2024-06-12,2024-06-12,2026-04-20,2024,https://www.federalreserve.gov/newsevents/pressreleases/monetary20240612a.htm,stmt_20240612.html,html,NA,Powell,data/processed/statements/stmt_20240612.txt
min_20240731,minutes,2024-07-31,2024-07-31,2026-04-20,2024,https://www.federalreserve.gov/monetarypolicy/files/fomcminutes20240731.pdf,min_20240731.pdf,pdf,NA,Powell,data/processed/minutes/min_20240731.txt
pc_20240731,press_conf,2024-07-31,2024-07-31,2026-04-20,2024,https://www.federalreserve.gov/monetarypolicy/fomcpresconf20240731.htm,pc_20240731.html,html,Powell,Powell,data/processed/press_conf/pc_20240731.txt
stmt_20240731,statements,2024-07-31,2024-07-31,2026-04-20,2024,https://www.federalreserve.gov/newsevents/pressreleases/monetary20240731a.htm,stmt_20240731.html,html,NA,Powell,data/processed/statements/stmt_20240731.txt
min_20240918,minutes,2024-09-18,2024-09-18,2026-04-20,2024,https://www.federalreserve.gov/monetarypolicy/files/fomcminutes20240918.pdf,min_20240918.pdf,pdf,NA,Powell,data/processed/minutes/min_20240918.txt
pc_20240918,press_conf,2024-09-18,2024-09-18,2026-04-20,2024,https://www.federalreserve.gov/monetarypolicy/fomcpresconf20240918.htm,pc_20240918.html,html,Powell,Powell,data/processed/press_conf/pc_20240918.txt
stmt_20240918,statements,2024-09-18,2024-09-18,2026-04-20,2024,https://www.federalreserve.gov/newsevents/pressreleases/monetary20240918a.htm,stmt_20240918.html,html,NA,Powell,data/processed/statements/stmt_20240918.txt
min_20241107,minutes,2024-11-07,2024-11-07,2026-04-20,2024,https://www.federalreserve.gov/monetarypolicy/files/fomcminutes20241107.pdf,min_20241107.pdf,pdf,NA,Powell,data/processed/minutes/min_20241107.txt
pc_20241107,press_conf,2024-11-07,2024-11-07,2026-04-20,2024,https://www.federalreserve.gov/monetarypolicy/fomcpresconf20241107.htm,pc_20241107.html,html,Powell,Powell,data/processed/press_conf/pc_20241107.txt
stmt_20241107,statements,2024-11-07,2024-11-07,2026-04-20,2024,https://www.federalreserve.gov/newsevents/pressreleases/monetary20241107a.htm,stmt_20241107.html,html,NA,Powell,data/processed/statements/stmt_20241107.txt
min_20241218,minutes,2024-12-18,2024-12-18,2026-04-20,2024,https://www.federalreserve.gov/monetarypolicy/files/fomcminutes20241218.pdf,min_20241218.pdf,pdf,NA,Powell,data/processed/minutes/min_20241218.txt
pc_20241218,press_conf,2024-12-18,2024-12-18,2026-04-20,2024,https://www.federalreserve.gov/monetarypolicy/fomcpresconf20241218.htm,pc_20241218.html,html,Powell,Powell,data/processed/press_conf/pc_20241218.txt
stmt_20241218,statements,2024-12-18,2024-12-18,2026-04-20,2024,https://www.federalreserve.gov/newsevents/pressreleases/monetary20241218a.htm,stmt_20241218.html,html,NA,Powell,data/processed/statements/stmt_20241218.txt
min_20250129,minutes,2025-01-29,2025-01-29,2026-04-20,2025,https://www.federalreserve.gov/monetarypolicy/files/fomcminutes20250129.pdf,min_20250129.pdf,pdf,NA,Powell,data/processed/minutes/min_20250129.txt
pc_20250129,press_conf,2025-01-29,2025-01-29,2026-04-20,2025,https://www.federalreserve.gov/monetarypolicy/fomcpresconf20250129.htm,pc_20250129.html,html,Powell,Powell,data/processed/press_conf/pc_20250129.txt
stmt_20250129,statements,2025-01-29,2025-01-29,2026-04-20,2025,https://www.federalreserve.gov/newsevents/pressreleases/monetary20250129a.htm,stmt_20250129.html,html,NA,Powell,data/processed/statements/stmt_20250129.txt
min_20250319,minutes,2025-03-19,2025-03-19,2026-04-20,2025,https://www.federalreserve.gov/monetarypolicy/files/fomcminutes20250319.pdf,min_20250319.pdf,pdf,NA,Powell,data/processed/minutes/min_20250319.txt
pc_20250319,press_conf,2025-03-19,2025-03-19,2026-04-20,2025,https://www.federalreserve.gov/monetarypolicy/fomcpresconf20250319.htm,pc_20250319.html,html,Powell,Powell,data/processed/press_conf/pc_20250319.txt
stmt_20250319,statements,2025-03-19,2025-03-19,2026-04-20,2025,https://www.federalreserve.gov/newsevents/pressreleases/monetary20250319a.htm,stmt_20250319.html,html,NA,Powell,data/processed/statements/stmt_20250319.txt
min_20250507,minutes,2025-05-07,2025-05-07,2026-04-20,2025,https://www.federalreserve.gov/monetarypolicy/files/fomcminutes20250507.pdf,min_20250507.pdf,pdf,NA,Powell,data/processed/minutes/min_20250507.txt
pc_20250507,press_conf,2025-05-07,2025-05-07,2026-04-20,2025,https://www.federalreserve.gov/monetarypolicy/fomcpresconf20250507.htm,pc_20250507.html,html,Powell,Powell,data/processed/press_conf/pc_20250507.txt
stmt_20250507,statements,2025-05-07,2025-05-07,2026-04-20,2025,https://www.federalreserve.gov/newsevents/pressreleases/monetary20250507a.htm,stmt_20250507.html,html,NA,Powell,data/processed/statements/stmt_20250507.txt
min_20250618,minutes,2025-06-18,2025-06-18,2026-04-20,2025,https://www.federalreserve.gov/monetarypolicy/files/fomcminutes20250618.pdf,min_20250618.pdf,pdf,NA,Powell,data/processed/minutes/min_20250618.txt
pc_20250618,press_conf,2025-06-18,2025-06-18,2026-04-20,2025,https://www.federalreserve.gov/monetarypolicy/fomcpresconf20250618.htm,pc_20250618.html,html,Powell,Powell,data/processed/press_conf/pc_20250618.txt
stmt_20250618,statements,2025-06-18,2025-06-18,2026-04-20,2025,https://www.federalreserve.gov/newsevents/pressreleases/monetary20250618a.htm,stmt_20250618.html,html,NA,Powell,data/processed/statements/stmt_20250618.txt
min_20250730,minutes,2025-07-30,2025-07-30,2026-04-20,2025,https://www.federalreserve.gov/monetarypolicy/files/fomcminutes20250730.pdf,min_20250730.pdf,pdf,NA,Powell,data/processed/minutes/min_20250730.txt
pc_20250730,press_conf,2025-07-30,2025-07-30,2026-04-20,2025,https://www.federalreserve.gov/monetarypolicy/fomcpresconf20250730.htm,pc_20250730.html,html,Powell,Powell,data/processed/press_conf/pc_20250730.txt
stmt_20250730,statements,2025-07-30,2025-07-30,2026-04-20,2025,https://www.federalreserve.gov/newsevents/pressreleases/monetary20250730a.htm,stmt_20250730.html,html,NA,Powell,data/processed/statements/stmt_20250730.txt
stmt_20250822,statements,2025-08-22,2025-08-22,2026-04-20,2025,https://www.federalreserve.gov/newsevents/pressreleases/monetary20250822a.htm,stmt_20250822.html,html,NA,Powell,data/processed/statements/stmt_20250822.txt
min_20250917,minutes,2025-09-17,2025-09-17,2026-04-20,2025,https://www.federalreserve.gov/monetarypolicy/files/fomcminutes20250917.pdf,min_20250917.pdf,pdf,NA,Powell,data/processed/minutes/min_20250917.txt
pc_20250917,press_conf,2025-09-17,2025-09-17,2026-04-20,2025,https://www.federalreserve.gov/monetarypolicy/fomcpresconf20250917.htm,pc_20250917.html,html,Powell,Powell,data/processed/press_conf/pc_20250917.txt
stmt_20250917,statements,2025-09-17,2025-09-17,2026-04-20,2025,https://www.federalreserve.gov/newsevents/pressreleases/monetary20250917a.htm,stmt_20250917.html,html,NA,Powell,data/processed/statements/stmt_20250917.txt
min_20251029,minutes,2025-10-29,2025-10-29,2026-04-20,2025,https://www.federalreserve.gov/monetarypolicy/files/fomcminutes20251029.pdf,min_20251029.pdf,pdf,NA,Powell,data/processed/minutes/min_20251029.txt
pc_20251029,press_conf,2025-10-29,2025-10-29,2026-04-20,2025,https://www.federalreserve.gov/monetarypolicy/fomcpresconf20251029.htm,pc_20251029.html,html,Powell,Powell,data/processed/press_conf/pc_20251029.txt
stmt_20251029,statements,2025-10-29,2025-10-29,2026-04-20,2025,https://www.federalreserve.gov/newsevents/pressreleases/monetary20251029a.htm,stmt_20251029.html,html,NA,Powell,data/processed/statements/stmt_20251029.txt
min_20251210,minutes,2025-12-10,2025-12-10,2026-04-20,2025,https://www.federalreserve.gov/monetarypolicy/files/fomcminutes20251210.pdf,min_20251210.pdf,pdf,NA,Powell,data/processed/minutes/min_20251210.txt
pc_20251210,press_conf,2025-12-10,2025-12-10,2026-04-20,2025,https://www.federalreserve.gov/monetarypolicy/fomcpresconf20251210.htm,pc_20251210.html,html,Powell,Powell,data/processed/press_conf/pc_20251210.txt
stmt_20251210,statements,2025-12-10,2025-12-10,2026-04-20,2025,https://www.federalreserve.gov/newsevents/pressreleases/monetary20251210a.htm,stmt_20251210.html,html,NA,Powell,data/processed/statements/stmt_20251210.txt
min_20260128,minutes,2026-01-28,2026-01-28,2026-04-20,2026,https://www.federalreserve.gov/monetarypolicy/files/fomcminutes20260128.pdf,min_20260128.pdf,pdf,NA,Powell,data/processed/minutes/min_20260128.txt
stmt_20260128,statements,2026-01-28,2026-01-28,2026-04-20,2026,https://www.federalreserve.gov/newsevents/pressreleases/monetary20260128a.htm,stmt_20260128.html,html,NA,Powell,data/processed/statements/stmt_20260128.txt
min_20260318,minutes,2026-03-18,2026-03-18,2026-04-20,2026,https://www.federalreserve.gov/monetarypolicy/files/fomcminutes20260318.pdf,min_20260318.pdf,pdf,NA,Powell,data/processed/minutes/min_20260318.txt
pc_20260318,press_conf,2026-03-18,2026-03-18,2026-04-20,2026,https://www.federalreserve.gov/monetarypolicy/fomcpresconf20260318.htm,pc_20260318.html,html,Powell,Powell,data/processed/press_conf/pc_20260318.txt
stmt_20260318,statements,2026-03-18,2026-03-18,2026-04-20,2026,https://www.federalreserve.gov/newsevents/pressreleases/monetary20260318a.htm,stmt_20260318.html,html,NA,Powell,data/processed/statements/stmt_20260318.txt
